state,age,vaccination,risk,year,value,value_min,value_max,status
S,1,1,1,2023,83735.5,51362,135396,Susceptible
S,2,1,1,2023,120310,99227,129919,Susceptible
S,3,1,1,2023,115930.5,110820,118005,Susceptible
S,4,1,1,2023,102749.5,94997,108755,Susceptible
S,5,1,1,2023,89301.5,82341,96721,Susceptible
S,6,1,1,2023,77812,71940,84207,Susceptible
S,7,1,1,2023,75848.5,73552,78599,Susceptible
S,8,1,1,2023,81167,79069,84549,Susceptible
S,9,1,1,2023,87857,85175,91116,Susceptible
S,10,1,1,2023,91679.5,89567,93468,Susceptible
S,11,1,1,2023,93290,92863,94840,Susceptible
S,12,1,1,2023,96100,94924,97350,Susceptible
S,13,1,1,2023,101729,99909,103803,Susceptible
S,14,1,1,2023,110406,107048,114909,Susceptible
S,15,1,1,2023,121467,116705,127114,Susceptible
S,16,1,1,2023,133250.5,127308,139982,Susceptible
S,17,1,1,2023,144389.5,138942,151069,Susceptible
S,18,1,1,2023,154978,149337,160570,Susceptible
S,19,1,1,2023,163734,158769,169742,Susceptible
S,20,1,1,2023,171169.5,166969,176380,Susceptible
S,21,1,1,2023,177470,173824,182393,Susceptible
S,22,1,1,2023,181805.5,179179,186727,Susceptible
S,23,1,1,2023,185765,183532,190186,Susceptible
S,24,1,1,2023,187896,185658,192227,Susceptible
S,25,1,1,2023,188788,186670,192465,Susceptible
S,26,1,1,2023,188800,186133,192026,Susceptible
S,27,1,1,2023,187730.5,184067,190744,Susceptible
S,28,1,1,2023,185029.5,182923,187974,Susceptible
S,29,1,1,2023,182436.5,179715,184620,Susceptible
S,30,1,1,2023,178414,174917,181111,Susceptible
S,31,1,1,2023,174332.5,170694,177250,Susceptible
S,32,1,1,2023,169857.5,167483,172656,Susceptible
S,33,1,1,2023,165227.5,162537,168518,Susceptible
S,34,1,1,2023,160079.5,156631,163571,Susceptible
S,35,1,1,2023,155220.5,151448,158012,Susceptible
S,36,1,1,2023,150284.5,145997,153363,Susceptible
S,37,1,1,2023,144583,141067,148067,Susceptible
S,38,1,1,2023,139806.5,135786,143103,Susceptible
S,39,1,1,2023,134215.5,130881,137114,Susceptible
S,40,1,1,2023,129130,126180,131817,Susceptible
S,41,1,1,2023,123933,120924,126767,Susceptible
S,42,1,1,2023,118791,115724,122137,Susceptible
S,43,1,1,2023,113019.5,110077,116078,Susceptible
S,44,1,1,2023,107850,105243,110636,Susceptible
S,45,1,1,2023,102863,100603,105524,Susceptible
S,46,1,1,2023,98096.5,95714,100782,Susceptible
S,47,1,1,2023,93246.5,90597,95610,Susceptible
S,48,1,1,2023,88643,86116,91089,Susceptible
S,49,1,1,2023,83534.5,81065,86284,Susceptible
S,50,1,1,2023,79639.5,76443,82189,Susceptible
S,51,1,1,2023,75232,72104,77913,Susceptible
S,52,1,1,2023,70614,68050,73810,Susceptible
S,53,1,1,2023,66644,64469,70308,Susceptible
S,54,1,1,2023,62682,60849,65561,Susceptible
S,55,1,1,2023,59051,56805,61681,Susceptible
S,56,1,1,2023,55143,53052,57225,Susceptible
S,57,1,1,2023,51771.5,49922,53853,Susceptible
S,58,1,1,2023,48527.5,47048,50671,Susceptible
S,59,1,1,2023,45465,43815,47079,Susceptible
S,60,1,1,2023,42449,40516,44033,Susceptible
S,61,1,1,2023,39158,37227,41263,Susceptible
S,62,1,1,2023,36197.5,34343,38110,Susceptible
S,63,1,1,2023,33291,31489,34964,Susceptible
S,64,1,1,2023,30400,28761,31910,Susceptible
S,65,1,1,2023,27768.5,26178,29358,Susceptible
S,66,1,1,2023,25350,24165,26952,Susceptible
S,67,1,1,2023,23200,21737,24606,Susceptible
S,68,1,1,2023,20949.5,19815,22194,Susceptible
S,69,1,1,2023,18984,17736,20098,Susceptible
S,70,1,1,2023,17186,16148,18254,Susceptible
S,71,1,1,2023,15543,14553,16423,Susceptible
S,72,1,1,2023,13905.5,13033,14780,Susceptible
S,73,1,1,2023,12391.5,11269,13377,Susceptible
S,74,1,1,2023,10820.5,10114,11680,Susceptible
S,75,1,1,2023,9496,8718,10242,Susceptible
S,76,1,1,2023,8220,7467,8947,Susceptible
S,77,1,1,2023,7135.5,6438,7782,Susceptible
S,78,1,1,2023,6045.5,5422,6679,Susceptible
S,79,1,1,2023,5140,4535,5803,Susceptible
S,80,1,1,2023,4340,3851,4817,Susceptible
S,81,1,1,2023,3717,3311,4171,Susceptible
S,82,1,1,2023,3149.5,2758,3554,Susceptible
S,83,1,1,2023,2590,2285,2873,Susceptible
S,84,1,1,2023,2135.5,1883,2361,Susceptible
S,85,1,1,2023,1759.5,1560,1970,Susceptible
S,86,1,1,2023,1419,1237,1592,Susceptible
S,87,1,1,2023,1105,955,1277,Susceptible
S,88,1,1,2023,878,760,985,Susceptible
S,89,1,1,2023,660.5,585,762,Susceptible
S,90,1,1,2023,524.5,430,616,Susceptible
S,91,1,1,2023,379,310,498,Susceptible
S,92,1,1,2023,259,207,344,Susceptible
S,93,1,1,2023,175.5,146,217,Susceptible
S,94,1,1,2023,130.5,90,169,Susceptible
S,95,1,1,2023,96.5,82,122,Susceptible
S,96,1,1,2023,67,54,83,Susceptible
S,97,1,1,2023,41,32,56,Susceptible
S,98,1,1,2023,28,24,38,Susceptible
S,99,1,1,2023,19,11,24,Susceptible
S,100,1,1,2023,13,7,18,Susceptible
S,101,1,1,2023,23,5,32,Susceptible
S,1,2,1,2023,21062.5,17453,22393,Vaccine protected
S,2,2,1,2023,43178.5,41460,43935,Vaccine protected
S,3,2,1,2023,62373,60614,63291,Vaccine protected
S,4,2,1,2023,78985.5,76157,80897,Vaccine protected
S,5,2,1,2023,92999.5,89580,95989,Vaccine protected
S,6,2,1,2023,105589.5,102560,108268,Vaccine protected
S,7,2,1,2023,116206.5,112911,119395,Vaccine protected
S,8,2,1,2023,124396.5,119930,128251,Vaccine protected
S,9,2,1,2023,130915.5,126208,134756,Vaccine protected
S,10,2,1,2023,136305,132162,141140,Vaccine protected
S,11,2,1,2023,140897.5,136468,145373,Vaccine protected
S,12,2,1,2023,142959.5,138054,148095,Vaccine protected
S,13,2,1,2023,143338.5,138176,148820,Vaccine protected
S,14,2,1,2023,141710.5,136738,146999,Vaccine protected
S,15,2,1,2023,138675.5,133160,143881,Vaccine protected
S,16,2,1,2023,134429,127997,140626,Vaccine protected
S,17,2,1,2023,128299,122521,134182,Vaccine protected
S,18,2,1,2023,121685,115324,127627,Vaccine protected
S,19,2,1,2023,114252.5,108571,120113,Vaccine protected
S,20,2,1,2023,107201,101858,113038,Vaccine protected
S,21,2,1,2023,99590,94323,104860,Vaccine protected
S,22,2,1,2023,91767,87215,96661,Vaccine protected
S,23,2,1,2023,84208,79946,88704,Vaccine protected
S,24,2,1,2023,77246.5,73054,81626,Vaccine protected
S,25,2,1,2023,70801,66936,74834,Vaccine protected
S,26,2,1,2023,64949,61614,68478,Vaccine protected
S,27,2,1,2023,59453.5,56144,62760,Vaccine protected
S,28,2,1,2023,54381.5,51720,57297,Vaccine protected
S,29,2,1,2023,49691,47132,52688,Vaccine protected
S,30,2,1,2023,45421.5,42635,47869,Vaccine protected
S,31,2,1,2023,41154.5,38831,43670,Vaccine protected
S,32,2,1,2023,37215,35073,39243,Vaccine protected
S,33,2,1,2023,33653.5,31721,35524,Vaccine protected
S,34,2,1,2023,30194.5,28431,31982,Vaccine protected
S,35,2,1,2023,27060.5,25368,28679,Vaccine protected
S,36,2,1,2023,24255.5,22378,25846,Vaccine protected
S,37,2,1,2023,21617.5,19832,23250,Vaccine protected
S,38,2,1,2023,19318.5,17751,20780,Vaccine protected
S,39,2,1,2023,17313.5,15714,18578,Vaccine protected
S,40,2,1,2023,15190.5,13967,16492,Vaccine protected
S,41,2,1,2023,13395.5,12494,14708,Vaccine protected
S,42,2,1,2023,11972.5,11202,12914,Vaccine protected
S,43,2,1,2023,10665,9802,11486,Vaccine protected
S,44,2,1,2023,9639,8811,10379,Vaccine protected
S,45,2,1,2023,8619,7940,9448,Vaccine protected
S,46,2,1,2023,7721.5,7204,8387,Vaccine protected
S,47,2,1,2023,6902.5,6346,7431,Vaccine protected
S,48,2,1,2023,6198,5760,6726,Vaccine protected
S,49,2,1,2023,5581,5168,5946,Vaccine protected
S,50,2,1,2023,4933.5,4515,5284,Vaccine protected
S,51,2,1,2023,4347.5,3871,4820,Vaccine protected
S,52,2,1,2023,3766.5,3323,4240,Vaccine protected
S,53,2,1,2023,3320.5,2886,3726,Vaccine protected
S,54,2,1,2023,2858,2492,3333,Vaccine protected
S,55,2,1,2023,2443.5,2179,2836,Vaccine protected
S,56,2,1,2023,2150.5,1980,2472,Vaccine protected
S,57,2,1,2023,1864,1702,2047,Vaccine protected
S,58,2,1,2023,1589,1469,1767,Vaccine protected
S,59,2,1,2023,1431.5,1272,1559,Vaccine protected
S,60,2,1,2023,1253,1184,1375,Vaccine protected
S,61,2,1,2023,1059,973,1139,Vaccine protected
S,62,2,1,2023,904,813,996,Vaccine protected
S,63,2,1,2023,763.5,683,885,Vaccine protected
S,64,2,1,2023,665.5,558,716,Vaccine protected
S,65,2,1,2023,551,444,661,Vaccine protected
S,66,2,1,2023,477,410,541,Vaccine protected
S,67,2,1,2023,413,348,484,Vaccine protected
S,68,2,1,2023,384.5,301,435,Vaccine protected
S,69,2,1,2023,345.5,321,399,Vaccine protected
S,70,2,1,2023,308,261,338,Vaccine protected
S,71,2,1,2023,276,223,325,Vaccine protected
S,72,2,1,2023,241,172,310,Vaccine protected
S,73,2,1,2023,202,148,281,Vaccine protected
S,74,2,1,2023,177.5,122,236,Vaccine protected
S,75,2,1,2023,147.5,99,176,Vaccine protected
S,76,2,1,2023,110,85,134,Vaccine protected
S,77,2,1,2023,93,76,117,Vaccine protected
S,78,2,1,2023,74.5,54,111,Vaccine protected
S,79,2,1,2023,59,45,72,Vaccine protected
S,80,2,1,2023,44,34,54,Vaccine protected
S,81,2,1,2023,35,20,49,Vaccine protected
S,82,2,1,2023,25,20,38,Vaccine protected
S,83,2,1,2023,24,14,29,Vaccine protected
S,84,2,1,2023,18,13,23,Vaccine protected
S,85,2,1,2023,14,10,23,Vaccine protected
S,86,2,1,2023,11,8,16,Vaccine protected
S,87,2,1,2023,8,5,13,Vaccine protected
S,88,2,1,2023,5,1,11,Vaccine protected
S,89,2,1,2023,4,0,7,Vaccine protected
S,90,2,1,2023,1,0,6,Vaccine protected
S,91,2,1,2023,0,0,7,Vaccine protected
S,92,2,1,2023,0,0,2,Vaccine protected
S,93,2,1,2023,0,0,2,Vaccine protected
S,94,2,1,2023,0,0,0,Vaccine protected
S,95,2,1,2023,0,0,0,Vaccine protected
S,96,2,1,2023,0,0,0,Vaccine protected
S,97,2,1,2023,0,0,0,Vaccine protected
S,98,2,1,2023,0,0,0,Vaccine protected
S,99,2,1,2023,0,0,0,Vaccine protected
S,100,2,1,2023,0,0,0,Vaccine protected
S,101,2,1,2023,0,0,0,Vaccine protected
S,1,3,1,2023,389851.5,234985,638238,Vaccine protected
S,2,3,1,2023,548843,446537,597798,Vaccine protected
S,3,3,1,2023,560524,527373,569040,Vaccine protected
S,4,3,1,2023,538607.5,530622,544275,Vaccine protected
S,5,3,1,2023,512582.5,507234,517443,Vaccine protected
S,6,3,1,2023,485723,480291,493346,Vaccine protected
S,7,3,1,2023,454763.5,443749,464739,Vaccine protected
S,8,3,1,2023,418013.5,404943,431718,Vaccine protected
S,9,3,1,2023,382450.5,368945,395255,Vaccine protected
S,10,3,1,2023,351185.5,340518,363005,Vaccine protected
S,11,3,1,2023,324374,315700,333264,Vaccine protected
S,12,3,1,2023,299630.5,291809,306444,Vaccine protected
S,13,3,1,2023,274176.5,266252,282167,Vaccine protected
S,14,3,1,2023,247595.5,239503,255862,Vaccine protected
S,15,3,1,2023,221502,213005,229554,Vaccine protected
S,16,3,1,2023,196805,188571,204866,Vaccine protected
S,17,3,1,2023,174306,166525,182308,Vaccine protected
S,18,3,1,2023,153230,145748,160475,Vaccine protected
S,19,3,1,2023,134975,127855,141650,Vaccine protected
S,20,3,1,2023,118567,112603,124867,Vaccine protected
S,21,3,1,2023,104059,98657,109720,Vaccine protected
S,22,3,1,2023,90648,86088,95729,Vaccine protected
S,23,3,1,2023,79277.5,75161,83320,Vaccine protected
S,24,3,1,2023,68820.5,65145,72533,Vaccine protected
S,25,3,1,2023,59774.5,56921,63052,Vaccine protected
S,26,3,1,2023,52092,49402,54743,Vaccine protected
S,27,3,1,2023,45534,43107,47594,Vaccine protected
S,28,3,1,2023,39644.5,37180,41617,Vaccine protected
S,29,3,1,2023,34562.5,32612,36442,Vaccine protected
S,30,3,1,2023,29993,28313,31680,Vaccine protected
S,31,3,1,2023,26106,24565,27944,Vaccine protected
S,32,3,1,2023,22607.5,21232,24086,Vaccine protected
S,33,3,1,2023,19537.5,18480,20866,Vaccine protected
S,34,3,1,2023,17019.5,15920,18004,Vaccine protected
S,35,3,1,2023,14683,13520,15629,Vaccine protected
S,36,3,1,2023,12434,11476,13441,Vaccine protected
S,37,3,1,2023,10787,10008,11628,Vaccine protected
S,38,3,1,2023,9216,8477,10087,Vaccine protected
S,39,3,1,2023,7872.5,7183,8684,Vaccine protected
S,40,3,1,2023,6742.5,6074,7542,Vaccine protected
S,41,3,1,2023,5690.5,5196,6317,Vaccine protected
S,42,3,1,2023,4830.5,4362,5239,Vaccine protected
S,43,3,1,2023,4157.5,3742,4520,Vaccine protected
S,44,3,1,2023,3547,3246,3782,Vaccine protected
S,45,3,1,2023,3060.5,2828,3381,Vaccine protected
S,46,3,1,2023,2643,2429,2940,Vaccine protected
S,47,3,1,2023,2321.5,2090,2518,Vaccine protected
S,48,3,1,2023,2023.5,1767,2108,Vaccine protected
S,49,3,1,2023,1724,1555,1907,Vaccine protected
S,50,3,1,2023,1449.5,1397,1564,Vaccine protected
S,51,3,1,2023,1294.5,1201,1378,Vaccine protected
S,52,3,1,2023,1094.5,1027,1148,Vaccine protected
S,53,3,1,2023,948.5,847,1005,Vaccine protected
S,54,3,1,2023,806,746,880,Vaccine protected
S,55,3,1,2023,703.5,633,846,Vaccine protected
S,56,3,1,2023,619,536,677,Vaccine protected
S,57,3,1,2023,508,432,564,Vaccine protected
S,58,3,1,2023,416.5,366,476,Vaccine protected
S,59,3,1,2023,339,291,380,Vaccine protected
S,60,3,1,2023,264,242,329,Vaccine protected
S,61,3,1,2023,208,174,279,Vaccine protected
S,62,3,1,2023,181,157,209,Vaccine protected
S,63,3,1,2023,151,115,163,Vaccine protected
S,64,3,1,2023,119,79,144,Vaccine protected
S,65,3,1,2023,97,75,119,Vaccine protected
S,66,3,1,2023,79,61,105,Vaccine protected
S,67,3,1,2023,61,45,87,Vaccine protected
S,68,3,1,2023,46,33,82,Vaccine protected
S,69,3,1,2023,37,28,76,Vaccine protected
S,70,3,1,2023,28,20,49,Vaccine protected
S,71,3,1,2023,25,14,48,Vaccine protected
S,72,3,1,2023,19,9,46,Vaccine protected
S,73,3,1,2023,17,2,39,Vaccine protected
S,74,3,1,2023,16,3,29,Vaccine protected
S,75,3,1,2023,13,2,23,Vaccine protected
S,76,3,1,2023,12,0,19,Vaccine protected
S,77,3,1,2023,9,0,16,Vaccine protected
S,78,3,1,2023,1.5,0,9,Vaccine protected
S,79,3,1,2023,1,0,10,Vaccine protected
S,80,3,1,2023,2,0,10,Vaccine protected
S,81,3,1,2023,1,0,11,Vaccine protected
S,82,3,1,2023,2,0,10,Vaccine protected
S,83,3,1,2023,1,0,7,Vaccine protected
S,84,3,1,2023,2,0,5,Vaccine protected
S,85,3,1,2023,0,0,3,Vaccine protected
S,86,3,1,2023,1,0,3,Vaccine protected
S,87,3,1,2023,0,0,3,Vaccine protected
S,88,3,1,2023,0,0,0,Vaccine protected
S,89,3,1,2023,0,0,1,Vaccine protected
S,90,3,1,2023,0,0,0,Vaccine protected
S,91,3,1,2023,0,0,0,Vaccine protected
S,92,3,1,2023,0,0,0,Vaccine protected
S,93,3,1,2023,0,0,0,Vaccine protected
S,94,3,1,2023,0,0,0,Vaccine protected
S,95,3,1,2023,0,0,0,Vaccine protected
S,96,3,1,2023,0,0,0,Vaccine protected
S,97,3,1,2023,0,0,0,Vaccine protected
S,98,3,1,2023,0,0,0,Vaccine protected
S,99,3,1,2023,0,0,0,Vaccine protected
S,100,3,1,2023,0,0,0,Vaccine protected
S,101,3,1,2023,0,0,0,Vaccine protected
E,1,1,1,2023,0,0,47,Exposure protected
E,2,1,1,2023,0,0,54,Exposure protected
E,3,1,1,2023,0,0,39,Exposure protected
E,4,1,1,2023,0,0,35,Exposure protected
E,5,1,1,2023,0,0,31,Exposure protected
E,6,1,1,2023,0,0,33,Exposure protected
E,7,1,1,2023,0,0,27,Exposure protected
E,8,1,1,2023,0,0,28,Exposure protected
E,9,1,1,2023,0,0,31,Exposure protected
E,10,1,1,2023,0,0,41,Exposure protected
E,11,1,1,2023,0,0,32,Exposure protected
E,12,1,1,2023,0,0,37,Exposure protected
E,13,1,1,2023,0,0,38,Exposure protected
E,14,1,1,2023,0,0,41,Exposure protected
E,15,1,1,2023,0,0,44,Exposure protected
E,16,1,1,2023,0,0,43,Exposure protected
E,17,1,1,2023,0,0,56,Exposure protected
E,18,1,1,2023,0,0,51,Exposure protected
E,19,1,1,2023,0,0,59,Exposure protected
E,20,1,1,2023,1,0,68,Exposure protected
E,21,1,1,2023,1,0,55,Exposure protected
E,22,1,1,2023,1,0,73,Exposure protected
E,23,1,1,2023,0,0,77,Exposure protected
E,24,1,1,2023,1,0,69,Exposure protected
E,25,1,1,2023,1,0,76,Exposure protected
E,26,1,1,2023,1,0,64,Exposure protected
E,27,1,1,2023,0,0,70,Exposure protected
E,28,1,1,2023,1,0,67,Exposure protected
E,29,1,1,2023,0,0,59,Exposure protected
E,30,1,1,2023,0,0,68,Exposure protected
E,31,1,1,2023,1,0,61,Exposure protected
E,32,1,1,2023,1,0,63,Exposure protected
E,33,1,1,2023,1,0,60,Exposure protected
E,34,1,1,2023,0,0,66,Exposure protected
E,35,1,1,2023,0,0,57,Exposure protected
E,36,1,1,2023,0.5,0,60,Exposure protected
E,37,1,1,2023,0.5,0,51,Exposure protected
E,38,1,1,2023,0,0,58,Exposure protected
E,39,1,1,2023,0.5,0,52,Exposure protected
E,40,1,1,2023,0,0,50,Exposure protected
E,41,1,1,2023,1,0,41,Exposure protected
E,42,1,1,2023,0,0,42,Exposure protected
E,43,1,1,2023,1,0,38,Exposure protected
E,44,1,1,2023,0,0,42,Exposure protected
E,45,1,1,2023,0,0,36,Exposure protected
E,46,1,1,2023,0,0,36,Exposure protected
E,47,1,1,2023,0,0,44,Exposure protected
E,48,1,1,2023,0,0,32,Exposure protected
E,49,1,1,2023,0,0,30,Exposure protected
E,50,1,1,2023,0,0,38,Exposure protected
E,51,1,1,2023,0,0,29,Exposure protected
E,52,1,1,2023,0,0,26,Exposure protected
E,53,1,1,2023,0,0,30,Exposure protected
E,54,1,1,2023,0,0,27,Exposure protected
E,55,1,1,2023,0,0,21,Exposure protected
E,56,1,1,2023,0,0,24,Exposure protected
E,57,1,1,2023,0,0,20,Exposure protected
E,58,1,1,2023,0,0,18,Exposure protected
E,59,1,1,2023,0,0,17,Exposure protected
E,60,1,1,2023,0,0,13,Exposure protected
E,61,1,1,2023,0,0,17,Exposure protected
E,62,1,1,2023,0,0,13,Exposure protected
E,63,1,1,2023,0,0,14,Exposure protected
E,64,1,1,2023,0,0,15,Exposure protected
E,65,1,1,2023,0,0,10,Exposure protected
E,66,1,1,2023,0,0,10,Exposure protected
E,67,1,1,2023,0,0,8,Exposure protected
E,68,1,1,2023,0,0,9,Exposure protected
E,69,1,1,2023,0,0,6,Exposure protected
E,70,1,1,2023,0,0,7,Exposure protected
E,71,1,1,2023,0,0,5,Exposure protected
E,72,1,1,2023,0,0,6,Exposure protected
E,73,1,1,2023,0,0,5,Exposure protected
E,74,1,1,2023,0,0,4,Exposure protected
E,75,1,1,2023,0,0,4,Exposure protected
E,76,1,1,2023,0,0,4,Exposure protected
E,77,1,1,2023,0,0,5,Exposure protected
E,78,1,1,2023,0,0,3,Exposure protected
E,79,1,1,2023,0,0,2,Exposure protected
E,80,1,1,2023,0,0,3,Exposure protected
E,81,1,1,2023,0,0,1,Exposure protected
E,82,1,1,2023,0,0,1,Exposure protected
E,83,1,1,2023,0,0,1,Exposure protected
E,84,1,1,2023,0,0,1,Exposure protected
E,85,1,1,2023,0,0,1,Exposure protected
E,86,1,1,2023,0,0,0,Exposure protected
E,87,1,1,2023,0,0,1,Exposure protected
E,88,1,1,2023,0,0,0,Exposure protected
E,89,1,1,2023,0,0,0,Exposure protected
E,90,1,1,2023,0,0,0,Exposure protected
E,91,1,1,2023,0,0,0,Exposure protected
E,92,1,1,2023,0,0,0,Exposure protected
E,93,1,1,2023,0,0,0,Exposure protected
E,94,1,1,2023,0,0,0,Exposure protected
E,95,1,1,2023,0,0,0,Exposure protected
E,96,1,1,2023,0,0,0,Exposure protected
E,97,1,1,2023,0,0,0,Exposure protected
E,98,1,1,2023,0,0,0,Exposure protected
E,99,1,1,2023,0,0,0,Exposure protected
E,100,1,1,2023,0,0,0,Exposure protected
E,101,1,1,2023,0,0,0,Exposure protected
E,1,2,1,2023,0,0,0,Vaccine and exposure protected
E,2,2,1,2023,0,0,1,Vaccine and exposure protected
E,3,2,1,2023,0,0,2,Vaccine and exposure protected
E,4,2,1,2023,0,0,1,Vaccine and exposure protected
E,5,2,1,2023,0,0,2,Vaccine and exposure protected
E,6,2,1,2023,0,0,1,Vaccine and exposure protected
E,7,2,1,2023,0,0,2,Vaccine and exposure protected
E,8,2,1,2023,0,0,2,Vaccine and exposure protected
E,9,2,1,2023,0,0,2,Vaccine and exposure protected
E,10,2,1,2023,0,0,4,Vaccine and exposure protected
E,11,2,1,2023,0,0,1,Vaccine and exposure protected
E,12,2,1,2023,0,0,3,Vaccine and exposure protected
E,13,2,1,2023,0,0,3,Vaccine and exposure protected
E,14,2,1,2023,0,0,2,Vaccine and exposure protected
E,15,2,1,2023,0,0,2,Vaccine and exposure protected
E,16,2,1,2023,0,0,1,Vaccine and exposure protected
E,17,2,1,2023,0,0,2,Vaccine and exposure protected
E,18,2,1,2023,0,0,1,Vaccine and exposure protected
E,19,2,1,2023,0,0,1,Vaccine and exposure protected
E,20,2,1,2023,0,0,1,Vaccine and exposure protected
E,21,2,1,2023,0,0,2,Vaccine and exposure protected
E,22,2,1,2023,0,0,1,Vaccine and exposure protected
E,23,2,1,2023,0,0,2,Vaccine and exposure protected
E,24,2,1,2023,0,0,1,Vaccine and exposure protected
E,25,2,1,2023,0,0,2,Vaccine and exposure protected
E,26,2,1,2023,0,0,1,Vaccine and exposure protected
E,27,2,1,2023,0,0,1,Vaccine and exposure protected
E,28,2,1,2023,0,0,1,Vaccine and exposure protected
E,29,2,1,2023,0,0,1,Vaccine and exposure protected
E,30,2,1,2023,0,0,1,Vaccine and exposure protected
E,31,2,1,2023,0,0,0,Vaccine and exposure protected
E,32,2,1,2023,0,0,1,Vaccine and exposure protected
E,33,2,1,2023,0,0,0,Vaccine and exposure protected
E,34,2,1,2023,0,0,1,Vaccine and exposure protected
E,35,2,1,2023,0,0,1,Vaccine and exposure protected
E,36,2,1,2023,0,0,0,Vaccine and exposure protected
E,37,2,1,2023,0,0,0,Vaccine and exposure protected
E,38,2,1,2023,0,0,0,Vaccine and exposure protected
E,39,2,1,2023,0,0,0,Vaccine and exposure protected
E,40,2,1,2023,0,0,0,Vaccine and exposure protected
E,41,2,1,2023,0,0,1,Vaccine and exposure protected
E,42,2,1,2023,0,0,0,Vaccine and exposure protected
E,43,2,1,2023,0,0,0,Vaccine and exposure protected
E,44,2,1,2023,0,0,1,Vaccine and exposure protected
E,45,2,1,2023,0,0,0,Vaccine and exposure protected
E,46,2,1,2023,0,0,1,Vaccine and exposure protected
E,47,2,1,2023,0,0,0,Vaccine and exposure protected
E,48,2,1,2023,0,0,1,Vaccine and exposure protected
E,49,2,1,2023,0,0,0,Vaccine and exposure protected
E,50,2,1,2023,0,0,0,Vaccine and exposure protected
E,51,2,1,2023,0,0,0,Vaccine and exposure protected
E,52,2,1,2023,0,0,0,Vaccine and exposure protected
E,53,2,1,2023,0,0,0,Vaccine and exposure protected
E,54,2,1,2023,0,0,0,Vaccine and exposure protected
E,55,2,1,2023,0,0,0,Vaccine and exposure protected
E,56,2,1,2023,0,0,0,Vaccine and exposure protected
E,57,2,1,2023,0,0,0,Vaccine and exposure protected
E,58,2,1,2023,0,0,0,Vaccine and exposure protected
E,59,2,1,2023,0,0,0,Vaccine and exposure protected
E,60,2,1,2023,0,0,0,Vaccine and exposure protected
E,61,2,1,2023,0,0,0,Vaccine and exposure protected
E,62,2,1,2023,0,0,0,Vaccine and exposure protected
E,63,2,1,2023,0,0,0,Vaccine and exposure protected
E,64,2,1,2023,0,0,0,Vaccine and exposure protected
E,65,2,1,2023,0,0,0,Vaccine and exposure protected
E,66,2,1,2023,0,0,0,Vaccine and exposure protected
E,67,2,1,2023,0,0,0,Vaccine and exposure protected
E,68,2,1,2023,0,0,0,Vaccine and exposure protected
E,69,2,1,2023,0,0,0,Vaccine and exposure protected
E,70,2,1,2023,0,0,0,Vaccine and exposure protected
E,71,2,1,2023,0,0,0,Vaccine and exposure protected
E,72,2,1,2023,0,0,0,Vaccine and exposure protected
E,73,2,1,2023,0,0,0,Vaccine and exposure protected
E,74,2,1,2023,0,0,0,Vaccine and exposure protected
E,75,2,1,2023,0,0,0,Vaccine and exposure protected
E,76,2,1,2023,0,0,0,Vaccine and exposure protected
E,77,2,1,2023,0,0,0,Vaccine and exposure protected
E,78,2,1,2023,0,0,0,Vaccine and exposure protected
E,79,2,1,2023,0,0,0,Vaccine and exposure protected
E,80,2,1,2023,0,0,0,Vaccine and exposure protected
E,81,2,1,2023,0,0,0,Vaccine and exposure protected
E,82,2,1,2023,0,0,0,Vaccine and exposure protected
E,83,2,1,2023,0,0,0,Vaccine and exposure protected
E,84,2,1,2023,0,0,0,Vaccine and exposure protected
E,85,2,1,2023,0,0,0,Vaccine and exposure protected
E,86,2,1,2023,0,0,0,Vaccine and exposure protected
E,87,2,1,2023,0,0,0,Vaccine and exposure protected
E,88,2,1,2023,0,0,0,Vaccine and exposure protected
E,89,2,1,2023,0,0,0,Vaccine and exposure protected
E,90,2,1,2023,0,0,0,Vaccine and exposure protected
E,91,2,1,2023,0,0,0,Vaccine and exposure protected
E,92,2,1,2023,0,0,0,Vaccine and exposure protected
E,93,2,1,2023,0,0,0,Vaccine and exposure protected
E,94,2,1,2023,0,0,0,Vaccine and exposure protected
E,95,2,1,2023,0,0,0,Vaccine and exposure protected
E,96,2,1,2023,0,0,0,Vaccine and exposure protected
E,97,2,1,2023,0,0,0,Vaccine and exposure protected
E,98,2,1,2023,0,0,0,Vaccine and exposure protected
E,99,2,1,2023,0,0,0,Vaccine and exposure protected
E,100,2,1,2023,0,0,0,Vaccine and exposure protected
E,101,2,1,2023,0,0,0,Vaccine and exposure protected
E,1,3,1,2023,0,0,20,Vaccine and exposure protected
E,2,3,1,2023,0,0,21,Vaccine and exposure protected
E,3,3,1,2023,0,0,20,Vaccine and exposure protected
E,4,3,1,2023,0,0,21,Vaccine and exposure protected
E,5,3,1,2023,0,0,18,Vaccine and exposure protected
E,6,3,1,2023,0,0,23,Vaccine and exposure protected
E,7,3,1,2023,0,0,16,Vaccine and exposure protected
E,8,3,1,2023,0,0,18,Vaccine and exposure protected
E,9,3,1,2023,0,0,13,Vaccine and exposure protected
E,10,3,1,2023,0,0,14,Vaccine and exposure protected
E,11,3,1,2023,0,0,13,Vaccine and exposure protected
E,12,3,1,2023,0,0,12,Vaccine and exposure protected
E,13,3,1,2023,0,0,16,Vaccine and exposure protected
E,14,3,1,2023,0,0,13,Vaccine and exposure protected
E,15,3,1,2023,0,0,10,Vaccine and exposure protected
E,16,3,1,2023,0,0,8,Vaccine and exposure protected
E,17,3,1,2023,0,0,8,Vaccine and exposure protected
E,18,3,1,2023,0,0,7,Vaccine and exposure protected
E,19,3,1,2023,0,0,5,Vaccine and exposure protected
E,20,3,1,2023,0,0,6,Vaccine and exposure protected
E,21,3,1,2023,0,0,5,Vaccine and exposure protected
E,22,3,1,2023,0,0,3,Vaccine and exposure protected
E,23,3,1,2023,0,0,3,Vaccine and exposure protected
E,24,3,1,2023,0,0,3,Vaccine and exposure protected
E,25,3,1,2023,0,0,3,Vaccine and exposure protected
E,26,3,1,2023,0,0,2,Vaccine and exposure protected
E,27,3,1,2023,0,0,3,Vaccine and exposure protected
E,28,3,1,2023,0,0,2,Vaccine and exposure protected
E,29,3,1,2023,0,0,2,Vaccine and exposure protected
E,30,3,1,2023,0,0,3,Vaccine and exposure protected
E,31,3,1,2023,0,0,2,Vaccine and exposure protected
E,32,3,1,2023,0,0,1,Vaccine and exposure protected
E,33,3,1,2023,0,0,2,Vaccine and exposure protected
E,34,3,1,2023,0,0,1,Vaccine and exposure protected
E,35,3,1,2023,0,0,1,Vaccine and exposure protected
E,36,3,1,2023,0,0,1,Vaccine and exposure protected
E,37,3,1,2023,0,0,1,Vaccine and exposure protected
E,38,3,1,2023,0,0,1,Vaccine and exposure protected
E,39,3,1,2023,0,0,1,Vaccine and exposure protected
E,40,3,1,2023,0,0,0,Vaccine and exposure protected
E,41,3,1,2023,0,0,0,Vaccine and exposure protected
E,42,3,1,2023,0,0,1,Vaccine and exposure protected
E,43,3,1,2023,0,0,0,Vaccine and exposure protected
E,44,3,1,2023,0,0,0,Vaccine and exposure protected
E,45,3,1,2023,0,0,0,Vaccine and exposure protected
E,46,3,1,2023,0,0,0,Vaccine and exposure protected
E,47,3,1,2023,0,0,0,Vaccine and exposure protected
E,48,3,1,2023,0,0,0,Vaccine and exposure protected
E,49,3,1,2023,0,0,0,Vaccine and exposure protected
E,50,3,1,2023,0,0,0,Vaccine and exposure protected
E,51,3,1,2023,0,0,0,Vaccine and exposure protected
E,52,3,1,2023,0,0,0,Vaccine and exposure protected
E,53,3,1,2023,0,0,0,Vaccine and exposure protected
E,54,3,1,2023,0,0,0,Vaccine and exposure protected
E,55,3,1,2023,0,0,1,Vaccine and exposure protected
E,56,3,1,2023,0,0,0,Vaccine and exposure protected
E,57,3,1,2023,0,0,0,Vaccine and exposure protected
E,58,3,1,2023,0,0,0,Vaccine and exposure protected
E,59,3,1,2023,0,0,0,Vaccine and exposure protected
E,60,3,1,2023,0,0,0,Vaccine and exposure protected
E,61,3,1,2023,0,0,0,Vaccine and exposure protected
E,62,3,1,2023,0,0,0,Vaccine and exposure protected
E,63,3,1,2023,0,0,0,Vaccine and exposure protected
E,64,3,1,2023,0,0,0,Vaccine and exposure protected
E,65,3,1,2023,0,0,0,Vaccine and exposure protected
E,66,3,1,2023,0,0,0,Vaccine and exposure protected
E,67,3,1,2023,0,0,0,Vaccine and exposure protected
E,68,3,1,2023,0,0,0,Vaccine and exposure protected
E,69,3,1,2023,0,0,0,Vaccine and exposure protected
E,70,3,1,2023,0,0,0,Vaccine and exposure protected
E,71,3,1,2023,0,0,0,Vaccine and exposure protected
E,72,3,1,2023,0,0,0,Vaccine and exposure protected
E,73,3,1,2023,0,0,0,Vaccine and exposure protected
E,74,3,1,2023,0,0,0,Vaccine and exposure protected
E,75,3,1,2023,0,0,0,Vaccine and exposure protected
E,76,3,1,2023,0,0,0,Vaccine and exposure protected
E,77,3,1,2023,0,0,0,Vaccine and exposure protected
E,78,3,1,2023,0,0,0,Vaccine and exposure protected
E,79,3,1,2023,0,0,0,Vaccine and exposure protected
E,80,3,1,2023,0,0,0,Vaccine and exposure protected
E,81,3,1,2023,0,0,0,Vaccine and exposure protected
E,82,3,1,2023,0,0,0,Vaccine and exposure protected
E,83,3,1,2023,0,0,0,Vaccine and exposure protected
E,84,3,1,2023,0,0,0,Vaccine and exposure protected
E,85,3,1,2023,0,0,0,Vaccine and exposure protected
E,86,3,1,2023,0,0,0,Vaccine and exposure protected
E,87,3,1,2023,0,0,0,Vaccine and exposure protected
E,88,3,1,2023,0,0,0,Vaccine and exposure protected
E,89,3,1,2023,0,0,0,Vaccine and exposure protected
E,90,3,1,2023,0,0,0,Vaccine and exposure protected
E,91,3,1,2023,0,0,0,Vaccine and exposure protected
E,92,3,1,2023,0,0,0,Vaccine and exposure protected
E,93,3,1,2023,0,0,0,Vaccine and exposure protected
E,94,3,1,2023,0,0,0,Vaccine and exposure protected
E,95,3,1,2023,0,0,0,Vaccine and exposure protected
E,96,3,1,2023,0,0,0,Vaccine and exposure protected
E,97,3,1,2023,0,0,0,Vaccine and exposure protected
E,98,3,1,2023,0,0,0,Vaccine and exposure protected
E,99,3,1,2023,0,0,0,Vaccine and exposure protected
E,100,3,1,2023,0,0,0,Vaccine and exposure protected
E,101,3,1,2023,0,0,0,Vaccine and exposure protected
I,1,1,1,2023,0,0,69,Exposure protected
I,2,1,1,2023,0,0,57,Exposure protected
I,3,1,1,2023,0,0,66,Exposure protected
I,4,1,1,2023,0,0,51,Exposure protected
I,5,1,1,2023,0,0,53,Exposure protected
I,6,1,1,2023,0,0,48,Exposure protected
I,7,1,1,2023,0,0,49,Exposure protected
I,8,1,1,2023,0,0,59,Exposure protected
I,9,1,1,2023,0,0,55,Exposure protected
I,10,1,1,2023,0,0,48,Exposure protected
I,11,1,1,2023,0,0,48,Exposure protected
I,12,1,1,2023,0,0,49,Exposure protected
I,13,1,1,2023,0,0,39,Exposure protected
I,14,1,1,2023,0,0,50,Exposure protected
I,15,1,1,2023,0,0,59,Exposure protected
I,16,1,1,2023,0,0,51,Exposure protected
I,17,1,1,2023,0,0,50,Exposure protected
I,18,1,1,2023,0,0,59,Exposure protected
I,19,1,1,2023,0,0,68,Exposure protected
I,20,1,1,2023,1,0,72,Exposure protected
I,21,1,1,2023,1,0,70,Exposure protected
I,22,1,1,2023,1,0,76,Exposure protected
I,23,1,1,2023,1,0,73,Exposure protected
I,24,1,1,2023,1,0,79,Exposure protected
I,25,1,1,2023,1,0,74,Exposure protected
I,26,1,1,2023,1,0,70,Exposure protected
I,27,1,1,2023,1,0,89,Exposure protected
I,28,1,1,2023,1,0,72,Exposure protected
I,29,1,1,2023,0,0,72,Exposure protected
I,30,1,1,2023,1,0,68,Exposure protected
I,31,1,1,2023,0.5,0,66,Exposure protected
I,32,1,1,2023,0,0,62,Exposure protected
I,33,1,1,2023,1,0,70,Exposure protected
I,34,1,1,2023,0,0,66,Exposure protected
I,35,1,1,2023,0,0,56,Exposure protected
I,36,1,1,2023,0,0,56,Exposure protected
I,37,1,1,2023,0,0,59,Exposure protected
I,38,1,1,2023,0,0,54,Exposure protected
I,39,1,1,2023,0,0,52,Exposure protected
I,40,1,1,2023,0,0,52,Exposure protected
I,41,1,1,2023,0.5,0,52,Exposure protected
I,42,1,1,2023,0,0,57,Exposure protected
I,43,1,1,2023,0,0,39,Exposure protected
I,44,1,1,2023,0,0,40,Exposure protected
I,45,1,1,2023,0,0,46,Exposure protected
I,46,1,1,2023,0,0,46,Exposure protected
I,47,1,1,2023,0,0,45,Exposure protected
I,48,1,1,2023,0,0,32,Exposure protected
I,49,1,1,2023,0,0,36,Exposure protected
I,50,1,1,2023,0,0,35,Exposure protected
I,51,1,1,2023,0,0,31,Exposure protected
I,52,1,1,2023,0,0,23,Exposure protected
I,53,1,1,2023,0,0,24,Exposure protected
I,54,1,1,2023,0,0,21,Exposure protected
I,55,1,1,2023,0,0,18,Exposure protected
I,56,1,1,2023,0,0,18,Exposure protected
I,57,1,1,2023,0,0,23,Exposure protected
I,58,1,1,2023,0,0,15,Exposure protected
I,59,1,1,2023,0,0,19,Exposure protected
I,60,1,1,2023,0,0,16,Exposure protected
I,61,1,1,2023,0,0,16,Exposure protected
I,62,1,1,2023,0,0,11,Exposure protected
I,63,1,1,2023,0,0,14,Exposure protected
I,64,1,1,2023,0,0,15,Exposure protected
I,65,1,1,2023,0,0,11,Exposure protected
I,66,1,1,2023,0,0,11,Exposure protected
I,67,1,1,2023,0,0,12,Exposure protected
I,68,1,1,2023,0,0,9,Exposure protected
I,69,1,1,2023,0,0,10,Exposure protected
I,70,1,1,2023,0,0,7,Exposure protected
I,71,1,1,2023,0,0,7,Exposure protected
I,72,1,1,2023,0,0,6,Exposure protected
I,73,1,1,2023,0,0,4,Exposure protected
I,74,1,1,2023,0,0,3,Exposure protected
I,75,1,1,2023,0,0,4,Exposure protected
I,76,1,1,2023,0,0,5,Exposure protected
I,77,1,1,2023,0,0,5,Exposure protected
I,78,1,1,2023,0,0,3,Exposure protected
I,79,1,1,2023,0,0,5,Exposure protected
I,80,1,1,2023,0,0,3,Exposure protected
I,81,1,1,2023,0,0,2,Exposure protected
I,82,1,1,2023,0,0,2,Exposure protected
I,83,1,1,2023,0,0,2,Exposure protected
I,84,1,1,2023,0,0,2,Exposure protected
I,85,1,1,2023,0,0,1,Exposure protected
I,86,1,1,2023,0,0,1,Exposure protected
I,87,1,1,2023,0,0,1,Exposure protected
I,88,1,1,2023,0,0,0,Exposure protected
I,89,1,1,2023,0,0,0,Exposure protected
I,90,1,1,2023,0,0,0,Exposure protected
I,91,1,1,2023,0,0,0,Exposure protected
I,92,1,1,2023,0,0,0,Exposure protected
I,93,1,1,2023,0,0,0,Exposure protected
I,94,1,1,2023,0,0,1,Exposure protected
I,95,1,1,2023,0,0,0,Exposure protected
I,96,1,1,2023,0,0,0,Exposure protected
I,97,1,1,2023,0,0,0,Exposure protected
I,98,1,1,2023,0,0,0,Exposure protected
I,99,1,1,2023,0,0,0,Exposure protected
I,100,1,1,2023,0,0,0,Exposure protected
I,101,1,1,2023,0,0,0,Exposure protected
I,1,2,1,2023,0,0,0,Vaccine and exposure protected
I,2,2,1,2023,0,0,1,Vaccine and exposure protected
I,3,2,1,2023,0,0,1,Vaccine and exposure protected
I,4,2,1,2023,0,0,1,Vaccine and exposure protected
I,5,2,1,2023,0,0,1,Vaccine and exposure protected
I,6,2,1,2023,0,0,1,Vaccine and exposure protected
I,7,2,1,2023,0,0,1,Vaccine and exposure protected
I,8,2,1,2023,0,0,2,Vaccine and exposure protected
I,9,2,1,2023,0,0,1,Vaccine and exposure protected
I,10,2,1,2023,0,0,2,Vaccine and exposure protected
I,11,2,1,2023,0,0,1,Vaccine and exposure protected
I,12,2,1,2023,0,0,2,Vaccine and exposure protected
I,13,2,1,2023,0,0,1,Vaccine and exposure protected
I,14,2,1,2023,0,0,1,Vaccine and exposure protected
I,15,2,1,2023,0,0,2,Vaccine and exposure protected
I,16,2,1,2023,0,0,1,Vaccine and exposure protected
I,17,2,1,2023,0,0,1,Vaccine and exposure protected
I,18,2,1,2023,0,0,1,Vaccine and exposure protected
I,19,2,1,2023,0,0,1,Vaccine and exposure protected
I,20,2,1,2023,0,0,1,Vaccine and exposure protected
I,21,2,1,2023,0,0,2,Vaccine and exposure protected
I,22,2,1,2023,0,0,1,Vaccine and exposure protected
I,23,2,1,2023,0,0,2,Vaccine and exposure protected
I,24,2,1,2023,0,0,1,Vaccine and exposure protected
I,25,2,1,2023,0,0,1,Vaccine and exposure protected
I,26,2,1,2023,0,0,1,Vaccine and exposure protected
I,27,2,1,2023,0,0,1,Vaccine and exposure protected
I,28,2,1,2023,0,0,1,Vaccine and exposure protected
I,29,2,1,2023,0,0,1,Vaccine and exposure protected
I,30,2,1,2023,0,0,1,Vaccine and exposure protected
I,31,2,1,2023,0,0,0,Vaccine and exposure protected
I,32,2,1,2023,0,0,0,Vaccine and exposure protected
I,33,2,1,2023,0,0,0,Vaccine and exposure protected
I,34,2,1,2023,0,0,0,Vaccine and exposure protected
I,35,2,1,2023,0,0,1,Vaccine and exposure protected
I,36,2,1,2023,0,0,0,Vaccine and exposure protected
I,37,2,1,2023,0,0,0,Vaccine and exposure protected
I,38,2,1,2023,0,0,0,Vaccine and exposure protected
I,39,2,1,2023,0,0,0,Vaccine and exposure protected
I,40,2,1,2023,0,0,0,Vaccine and exposure protected
I,41,2,1,2023,0,0,1,Vaccine and exposure protected
I,42,2,1,2023,0,0,0,Vaccine and exposure protected
I,43,2,1,2023,0,0,0,Vaccine and exposure protected
I,44,2,1,2023,0,0,0,Vaccine and exposure protected
I,45,2,1,2023,0,0,0,Vaccine and exposure protected
I,46,2,1,2023,0,0,1,Vaccine and exposure protected
I,47,2,1,2023,0,0,0,Vaccine and exposure protected
I,48,2,1,2023,0,0,1,Vaccine and exposure protected
I,49,2,1,2023,0,0,0,Vaccine and exposure protected
I,50,2,1,2023,0,0,0,Vaccine and exposure protected
I,51,2,1,2023,0,0,0,Vaccine and exposure protected
I,52,2,1,2023,0,0,0,Vaccine and exposure protected
I,53,2,1,2023,0,0,0,Vaccine and exposure protected
I,54,2,1,2023,0,0,0,Vaccine and exposure protected
I,55,2,1,2023,0,0,0,Vaccine and exposure protected
I,56,2,1,2023,0,0,0,Vaccine and exposure protected
I,57,2,1,2023,0,0,0,Vaccine and exposure protected
I,58,2,1,2023,0,0,0,Vaccine and exposure protected
I,59,2,1,2023,0,0,0,Vaccine and exposure protected
I,60,2,1,2023,0,0,0,Vaccine and exposure protected
I,61,2,1,2023,0,0,0,Vaccine and exposure protected
I,62,2,1,2023,0,0,0,Vaccine and exposure protected
I,63,2,1,2023,0,0,0,Vaccine and exposure protected
I,64,2,1,2023,0,0,0,Vaccine and exposure protected
I,65,2,1,2023,0,0,0,Vaccine and exposure protected
I,66,2,1,2023,0,0,0,Vaccine and exposure protected
I,67,2,1,2023,0,0,0,Vaccine and exposure protected
I,68,2,1,2023,0,0,0,Vaccine and exposure protected
I,69,2,1,2023,0,0,0,Vaccine and exposure protected
I,70,2,1,2023,0,0,0,Vaccine and exposure protected
I,71,2,1,2023,0,0,0,Vaccine and exposure protected
I,72,2,1,2023,0,0,0,Vaccine and exposure protected
I,73,2,1,2023,0,0,0,Vaccine and exposure protected
I,74,2,1,2023,0,0,0,Vaccine and exposure protected
I,75,2,1,2023,0,0,0,Vaccine and exposure protected
I,76,2,1,2023,0,0,0,Vaccine and exposure protected
I,77,2,1,2023,0,0,0,Vaccine and exposure protected
I,78,2,1,2023,0,0,0,Vaccine and exposure protected
I,79,2,1,2023,0,0,0,Vaccine and exposure protected
I,80,2,1,2023,0,0,0,Vaccine and exposure protected
I,81,2,1,2023,0,0,0,Vaccine and exposure protected
I,82,2,1,2023,0,0,0,Vaccine and exposure protected
I,83,2,1,2023,0,0,0,Vaccine and exposure protected
I,84,2,1,2023,0,0,0,Vaccine and exposure protected
I,85,2,1,2023,0,0,0,Vaccine and exposure protected
I,86,2,1,2023,0,0,0,Vaccine and exposure protected
I,87,2,1,2023,0,0,0,Vaccine and exposure protected
I,88,2,1,2023,0,0,0,Vaccine and exposure protected
I,89,2,1,2023,0,0,0,Vaccine and exposure protected
I,90,2,1,2023,0,0,0,Vaccine and exposure protected
I,91,2,1,2023,0,0,0,Vaccine and exposure protected
I,92,2,1,2023,0,0,0,Vaccine and exposure protected
I,93,2,1,2023,0,0,0,Vaccine and exposure protected
I,94,2,1,2023,0,0,0,Vaccine and exposure protected
I,95,2,1,2023,0,0,0,Vaccine and exposure protected
I,96,2,1,2023,0,0,0,Vaccine and exposure protected
I,97,2,1,2023,0,0,0,Vaccine and exposure protected
I,98,2,1,2023,0,0,0,Vaccine and exposure protected
I,99,2,1,2023,0,0,0,Vaccine and exposure protected
I,100,2,1,2023,0,0,0,Vaccine and exposure protected
I,101,2,1,2023,0,0,0,Vaccine and exposure protected
I,1,3,1,2023,0,0,14,Vaccine and exposure protected
I,2,3,1,2023,0,0,15,Vaccine and exposure protected
I,3,3,1,2023,0,0,15,Vaccine and exposure protected
I,4,3,1,2023,0,0,16,Vaccine and exposure protected
I,5,3,1,2023,0,0,13,Vaccine and exposure protected
I,6,3,1,2023,0,0,12,Vaccine and exposure protected
I,7,3,1,2023,0,0,11,Vaccine and exposure protected
I,8,3,1,2023,0,0,13,Vaccine and exposure protected
I,9,3,1,2023,0,0,9,Vaccine and exposure protected
I,10,3,1,2023,0,0,10,Vaccine and exposure protected
I,11,3,1,2023,0,0,8,Vaccine and exposure protected
I,12,3,1,2023,0,0,8,Vaccine and exposure protected
I,13,3,1,2023,0,0,9,Vaccine and exposure protected
I,14,3,1,2023,0,0,7,Vaccine and exposure protected
I,15,3,1,2023,0,0,6,Vaccine and exposure protected
I,16,3,1,2023,0,0,4,Vaccine and exposure protected
I,17,3,1,2023,0,0,5,Vaccine and exposure protected
I,18,3,1,2023,0,0,4,Vaccine and exposure protected
I,19,3,1,2023,0,0,4,Vaccine and exposure protected
I,20,3,1,2023,0,0,4,Vaccine and exposure protected
I,21,3,1,2023,0,0,3,Vaccine and exposure protected
I,22,3,1,2023,0,0,2,Vaccine and exposure protected
I,23,3,1,2023,0,0,2,Vaccine and exposure protected
I,24,3,1,2023,0,0,2,Vaccine and exposure protected
I,25,3,1,2023,0,0,3,Vaccine and exposure protected
I,26,3,1,2023,0,0,2,Vaccine and exposure protected
I,27,3,1,2023,0,0,2,Vaccine and exposure protected
I,28,3,1,2023,0,0,1,Vaccine and exposure protected
I,29,3,1,2023,0,0,2,Vaccine and exposure protected
I,30,3,1,2023,0,0,1,Vaccine and exposure protected
I,31,3,1,2023,0,0,1,Vaccine and exposure protected
I,32,3,1,2023,0,0,1,Vaccine and exposure protected
I,33,3,1,2023,0,0,2,Vaccine and exposure protected
I,34,3,1,2023,0,0,1,Vaccine and exposure protected
I,35,3,1,2023,0,0,1,Vaccine and exposure protected
I,36,3,1,2023,0,0,1,Vaccine and exposure protected
I,37,3,1,2023,0,0,1,Vaccine and exposure protected
I,38,3,1,2023,0,0,1,Vaccine and exposure protected
I,39,3,1,2023,0,0,1,Vaccine and exposure protected
I,40,3,1,2023,0,0,0,Vaccine and exposure protected
I,41,3,1,2023,0,0,0,Vaccine and exposure protected
I,42,3,1,2023,0,0,0,Vaccine and exposure protected
I,43,3,1,2023,0,0,0,Vaccine and exposure protected
I,44,3,1,2023,0,0,0,Vaccine and exposure protected
I,45,3,1,2023,0,0,0,Vaccine and exposure protected
I,46,3,1,2023,0,0,0,Vaccine and exposure protected
I,47,3,1,2023,0,0,0,Vaccine and exposure protected
I,48,3,1,2023,0,0,0,Vaccine and exposure protected
I,49,3,1,2023,0,0,0,Vaccine and exposure protected
I,50,3,1,2023,0,0,0,Vaccine and exposure protected
I,51,3,1,2023,0,0,0,Vaccine and exposure protected
I,52,3,1,2023,0,0,0,Vaccine and exposure protected
I,53,3,1,2023,0,0,0,Vaccine and exposure protected
I,54,3,1,2023,0,0,0,Vaccine and exposure protected
I,55,3,1,2023,0,0,0,Vaccine and exposure protected
I,56,3,1,2023,0,0,0,Vaccine and exposure protected
I,57,3,1,2023,0,0,0,Vaccine and exposure protected
I,58,3,1,2023,0,0,0,Vaccine and exposure protected
I,59,3,1,2023,0,0,0,Vaccine and exposure protected
I,60,3,1,2023,0,0,0,Vaccine and exposure protected
I,61,3,1,2023,0,0,0,Vaccine and exposure protected
I,62,3,1,2023,0,0,0,Vaccine and exposure protected
I,63,3,1,2023,0,0,0,Vaccine and exposure protected
I,64,3,1,2023,0,0,0,Vaccine and exposure protected
I,65,3,1,2023,0,0,0,Vaccine and exposure protected
I,66,3,1,2023,0,0,0,Vaccine and exposure protected
I,67,3,1,2023,0,0,0,Vaccine and exposure protected
I,68,3,1,2023,0,0,0,Vaccine and exposure protected
I,69,3,1,2023,0,0,0,Vaccine and exposure protected
I,70,3,1,2023,0,0,0,Vaccine and exposure protected
I,71,3,1,2023,0,0,0,Vaccine and exposure protected
I,72,3,1,2023,0,0,0,Vaccine and exposure protected
I,73,3,1,2023,0,0,0,Vaccine and exposure protected
I,74,3,1,2023,0,0,0,Vaccine and exposure protected
I,75,3,1,2023,0,0,0,Vaccine and exposure protected
I,76,3,1,2023,0,0,0,Vaccine and exposure protected
I,77,3,1,2023,0,0,0,Vaccine and exposure protected
I,78,3,1,2023,0,0,0,Vaccine and exposure protected
I,79,3,1,2023,0,0,0,Vaccine and exposure protected
I,80,3,1,2023,0,0,0,Vaccine and exposure protected
I,81,3,1,2023,0,0,0,Vaccine and exposure protected
I,82,3,1,2023,0,0,0,Vaccine and exposure protected
I,83,3,1,2023,0,0,0,Vaccine and exposure protected
I,84,3,1,2023,0,0,0,Vaccine and exposure protected
I,85,3,1,2023,0,0,0,Vaccine and exposure protected
I,86,3,1,2023,0,0,0,Vaccine and exposure protected
I,87,3,1,2023,0,0,0,Vaccine and exposure protected
I,88,3,1,2023,0,0,0,Vaccine and exposure protected
I,89,3,1,2023,0,0,0,Vaccine and exposure protected
I,90,3,1,2023,0,0,0,Vaccine and exposure protected
I,91,3,1,2023,0,0,0,Vaccine and exposure protected
I,92,3,1,2023,0,0,0,Vaccine and exposure protected
I,93,3,1,2023,0,0,0,Vaccine and exposure protected
I,94,3,1,2023,0,0,0,Vaccine and exposure protected
I,95,3,1,2023,0,0,0,Vaccine and exposure protected
I,96,3,1,2023,0,0,0,Vaccine and exposure protected
I,97,3,1,2023,0,0,0,Vaccine and exposure protected
I,98,3,1,2023,0,0,0,Vaccine and exposure protected
I,99,3,1,2023,0,0,0,Vaccine and exposure protected
I,100,3,1,2023,0,0,0,Vaccine and exposure protected
I,101,3,1,2023,0,0,0,Vaccine and exposure protected
R,1,1,1,2023,469.5,90,629,Exposure protected
R,2,1,1,2023,731,210,837,Exposure protected
R,3,1,1,2023,837.5,310,881,Exposure protected
R,4,1,1,2023,937.5,419,964,Exposure protected
R,5,1,1,2023,994,511,1027,Exposure protected
R,6,1,1,2023,998,545,1039,Exposure protected
R,7,1,1,2023,1009.5,558,1047,Exposure protected
R,8,1,1,2023,1057,604,1115,Exposure protected
R,9,1,1,2023,1096.5,646,1156,Exposure protected
R,10,1,1,2023,1154,722,1196,Exposure protected
R,11,1,1,2023,1255.5,820,1309,Exposure protected
R,12,1,1,2023,1343.5,923,1402,Exposure protected
R,13,1,1,2023,1439,1019,1532,Exposure protected
R,14,1,1,2023,1657.5,1324,1803,Exposure protected
R,15,1,1,2023,1906,1598,1997,Exposure protected
R,16,1,1,2023,2201,1970,2316,Exposure protected
R,17,1,1,2023,2617,2357,2754,Exposure protected
R,18,1,1,2023,3107.5,2826,3318,Exposure protected
R,19,1,1,2023,3741.5,3406,3935,Exposure protected
R,20,1,1,2023,4433.5,4015,4708,Exposure protected
R,21,1,1,2023,5215.5,4808,5587,Exposure protected
R,22,1,1,2023,6160,5591,6690,Exposure protected
R,23,1,1,2023,7254.5,6648,7563,Exposure protected
R,24,1,1,2023,8206.5,7622,8537,Exposure protected
R,25,1,1,2023,9377,8848,9670,Exposure protected
R,26,1,1,2023,10358,9777,10642,Exposure protected
R,27,1,1,2023,11451,10757,11888,Exposure protected
R,28,1,1,2023,12775.5,12136,13114,Exposure protected
R,29,1,1,2023,13801,13095,14174,Exposure protected
R,30,1,1,2023,14700,14026,15354,Exposure protected
R,31,1,1,2023,15696,15106,16134,Exposure protected
R,32,1,1,2023,16494,16013,17021,Exposure protected
R,33,1,1,2023,17251.5,16829,17573,Exposure protected
R,34,1,1,2023,18016.5,17369,18411,Exposure protected
R,35,1,1,2023,18576,18204,18885,Exposure protected
R,36,1,1,2023,19289.5,18347,19678,Exposure protected
R,37,1,1,2023,19770,18790,20187,Exposure protected
R,38,1,1,2023,20041,19399,20531,Exposure protected
R,39,1,1,2023,20239,19649,20730,Exposure protected
R,40,1,1,2023,20389,20147,20825,Exposure protected
R,41,1,1,2023,20683.5,20419,21019,Exposure protected
R,42,1,1,2023,20804.5,20596,21173,Exposure protected
R,43,1,1,2023,20925.5,20568,21248,Exposure protected
R,44,1,1,2023,20947,20652,21596,Exposure protected
R,45,1,1,2023,21165,20858,21689,Exposure protected
R,46,1,1,2023,21412,20843,21797,Exposure protected
R,47,1,1,2023,21145.5,20713,21781,Exposure protected
R,48,1,1,2023,21174,20672,22098,Exposure protected
R,49,1,1,2023,21301,20619,21857,Exposure protected
R,50,1,1,2023,21419,20579,21917,Exposure protected
R,51,1,1,2023,21533,20744,22107,Exposure protected
R,52,1,1,2023,21221,20868,22347,Exposure protected
R,53,1,1,2023,21151,20859,22108,Exposure protected
R,54,1,1,2023,20940,20471,22013,Exposure protected
R,55,1,1,2023,20991,20379,21757,Exposure protected
R,56,1,1,2023,21333,20068,21796,Exposure protected
R,57,1,1,2023,21292,20151,21514,Exposure protected
R,58,1,1,2023,20790.5,20337,21334,Exposure protected
R,59,1,1,2023,20527,20082,21373,Exposure protected
R,60,1,1,2023,20328,19914,20926,Exposure protected
R,61,1,1,2023,20065.5,19708,20676,Exposure protected
R,62,1,1,2023,19918.5,19647,20636,Exposure protected
R,63,1,1,2023,19689,19307,20099,Exposure protected
R,64,1,1,2023,19404,18914,19731,Exposure protected
R,65,1,1,2023,18912,18645,19498,Exposure protected
R,66,1,1,2023,18518.5,18015,18928,Exposure protected
R,67,1,1,2023,18022.5,17612,18449,Exposure protected
R,68,1,1,2023,17621.5,16975,18005,Exposure protected
R,69,1,1,2023,16996.5,16211,17475,Exposure protected
R,70,1,1,2023,16235.5,15543,16755,Exposure protected
R,71,1,1,2023,15550.5,15065,16015,Exposure protected
R,72,1,1,2023,14790,14396,15254,Exposure protected
R,73,1,1,2023,14041.5,13482,14356,Exposure protected
R,74,1,1,2023,13274.5,12686,13719,Exposure protected
R,75,1,1,2023,12262,11668,12817,Exposure protected
R,76,1,1,2023,11243.5,10565,11805,Exposure protected
R,77,1,1,2023,10291,9732,10838,Exposure protected
R,78,1,1,2023,9232,8702,9739,Exposure protected
R,79,1,1,2023,8228.5,7758,8691,Exposure protected
R,80,1,1,2023,7378.5,6845,7862,Exposure protected
R,81,1,1,2023,6378,5944,6897,Exposure protected
R,82,1,1,2023,5528,5114,6003,Exposure protected
R,83,1,1,2023,4706.5,4308,5178,Exposure protected
R,84,1,1,2023,3977.5,3591,4396,Exposure protected
R,85,1,1,2023,3303,2897,3671,Exposure protected
R,86,1,1,2023,2610.5,2305,2924,Exposure protected
R,87,1,1,2023,2101,1778,2373,Exposure protected
R,88,1,1,2023,1659.5,1420,1862,Exposure protected
R,89,1,1,2023,1363,1146,1530,Exposure protected
R,90,1,1,2023,1000.5,817,1204,Exposure protected
R,91,1,1,2023,741,623,878,Exposure protected
R,92,1,1,2023,543,455,658,Exposure protected
R,93,1,1,2023,396,324,465,Exposure protected
R,94,1,1,2023,282.5,220,366,Exposure protected
R,95,1,1,2023,196.5,152,243,Exposure protected
R,96,1,1,2023,131,97,174,Exposure protected
R,97,1,1,2023,97,71,122,Exposure protected
R,98,1,1,2023,64,48,91,Exposure protected
R,99,1,1,2023,43,25,60,Exposure protected
R,100,1,1,2023,28,19,40,Exposure protected
R,101,1,1,2023,61,39,85,Exposure protected
R,1,2,1,2023,1,0,4,Vaccine and exposure protected
R,2,2,1,2023,3,0,6,Vaccine and exposure protected
R,3,2,1,2023,6.5,0,11,Vaccine and exposure protected
R,4,2,1,2023,9,5,14,Vaccine and exposure protected
R,5,2,1,2023,11,7,16,Vaccine and exposure protected
R,6,2,1,2023,16,11,23,Vaccine and exposure protected
R,7,2,1,2023,19,13,27,Vaccine and exposure protected
R,8,2,1,2023,23,15,30,Vaccine and exposure protected
R,9,2,1,2023,21,9,26,Vaccine and exposure protected
R,10,2,1,2023,22,12,30,Vaccine and exposure protected
R,11,2,1,2023,27,12,34,Vaccine and exposure protected
R,12,2,1,2023,30,23,38,Vaccine and exposure protected
R,13,2,1,2023,37,29,47,Vaccine and exposure protected
R,14,2,1,2023,40,27,52,Vaccine and exposure protected
R,15,2,1,2023,48,37,58,Vaccine and exposure protected
R,16,2,1,2023,54.5,41,68,Vaccine and exposure protected
R,17,2,1,2023,71.5,46,87,Vaccine and exposure protected
R,18,2,1,2023,71,52,85,Vaccine and exposure protected
R,19,2,1,2023,66,57,93,Vaccine and exposure protected
R,20,2,1,2023,78,54,100,Vaccine and exposure protected
R,21,2,1,2023,82,56,96,Vaccine and exposure protected
R,22,2,1,2023,104,58,133,Vaccine and exposure protected
R,23,2,1,2023,114,81,129,Vaccine and exposure protected
R,24,2,1,2023,114,86,136,Vaccine and exposure protected
R,25,2,1,2023,125,106,139,Vaccine and exposure protected
R,26,2,1,2023,127,113,163,Vaccine and exposure protected
R,27,2,1,2023,135,118,167,Vaccine and exposure protected
R,28,2,1,2023,137.5,125,153,Vaccine and exposure protected
R,29,2,1,2023,163,141,179,Vaccine and exposure protected
R,30,2,1,2023,165,142,186,Vaccine and exposure protected
R,31,2,1,2023,152.5,137,169,Vaccine and exposure protected
R,32,2,1,2023,141,106,180,Vaccine and exposure protected
R,33,2,1,2023,150,114,177,Vaccine and exposure protected
R,34,2,1,2023,137,119,167,Vaccine and exposure protected
R,35,2,1,2023,144,132,182,Vaccine and exposure protected
R,36,2,1,2023,133,113,167,Vaccine and exposure protected
R,37,2,1,2023,125,106,159,Vaccine and exposure protected
R,38,2,1,2023,140,121,153,Vaccine and exposure protected
R,39,2,1,2023,115,91,136,Vaccine and exposure protected
R,40,2,1,2023,104,92,139,Vaccine and exposure protected
R,41,2,1,2023,97,84,126,Vaccine and exposure protected
R,42,2,1,2023,99,85,114,Vaccine and exposure protected
R,43,2,1,2023,90,76,100,Vaccine and exposure protected
R,44,2,1,2023,77,63,89,Vaccine and exposure protected
R,45,2,1,2023,66,50,90,Vaccine and exposure protected
R,46,2,1,2023,69,54,94,Vaccine and exposure protected
R,47,2,1,2023,60.5,48,83,Vaccine and exposure protected
R,48,2,1,2023,59,45,93,Vaccine and exposure protected
R,49,2,1,2023,46,35,81,Vaccine and exposure protected
R,50,2,1,2023,41.5,28,80,Vaccine and exposure protected
R,51,2,1,2023,40,20,74,Vaccine and exposure protected
R,52,2,1,2023,40,16,60,Vaccine and exposure protected
R,53,2,1,2023,30,11,50,Vaccine and exposure protected
R,54,2,1,2023,40,10,52,Vaccine and exposure protected
R,55,2,1,2023,29,17,53,Vaccine and exposure protected
R,56,2,1,2023,29,20,50,Vaccine and exposure protected
R,57,2,1,2023,26,19,48,Vaccine and exposure protected
R,58,2,1,2023,22,18,31,Vaccine and exposure protected
R,59,2,1,2023,25,17,32,Vaccine and exposure protected
R,60,2,1,2023,25,13,33,Vaccine and exposure protected
R,61,2,1,2023,17,10,30,Vaccine and exposure protected
R,62,2,1,2023,16,10,26,Vaccine and exposure protected
R,63,2,1,2023,23,13,27,Vaccine and exposure protected
R,64,2,1,2023,21,16,31,Vaccine and exposure protected
R,65,2,1,2023,22,11,32,Vaccine and exposure protected
R,66,2,1,2023,20.5,10,26,Vaccine and exposure protected
R,67,2,1,2023,18,10,23,Vaccine and exposure protected
R,68,2,1,2023,16,6,22,Vaccine and exposure protected
R,69,2,1,2023,10,1,28,Vaccine and exposure protected
R,70,2,1,2023,5,0,20,Vaccine and exposure protected
R,71,2,1,2023,5,0,14,Vaccine and exposure protected
R,72,2,1,2023,4.5,0,12,Vaccine and exposure protected
R,73,2,1,2023,9,0,13,Vaccine and exposure protected
R,74,2,1,2023,4,0,13,Vaccine and exposure protected
R,75,2,1,2023,5,0,9,Vaccine and exposure protected
R,76,2,1,2023,6,0,20,Vaccine and exposure protected
R,77,2,1,2023,1,0,16,Vaccine and exposure protected
R,78,2,1,2023,0,0,14,Vaccine and exposure protected
R,79,2,1,2023,0,0,4,Vaccine and exposure protected
R,80,2,1,2023,0,0,1,Vaccine and exposure protected
R,81,2,1,2023,0,0,2,Vaccine and exposure protected
R,82,2,1,2023,0,0,2,Vaccine and exposure protected
R,83,2,1,2023,0,0,3,Vaccine and exposure protected
R,84,2,1,2023,0,0,1,Vaccine and exposure protected
R,85,2,1,2023,0,0,3,Vaccine and exposure protected
R,86,2,1,2023,0,0,4,Vaccine and exposure protected
R,87,2,1,2023,0,0,4,Vaccine and exposure protected
R,88,2,1,2023,0,0,2,Vaccine and exposure protected
R,89,2,1,2023,0,0,0,Vaccine and exposure protected
R,90,2,1,2023,0,0,0,Vaccine and exposure protected
R,91,2,1,2023,0,0,0,Vaccine and exposure protected
R,92,2,1,2023,0,0,0,Vaccine and exposure protected
R,93,2,1,2023,0,0,0,Vaccine and exposure protected
R,94,2,1,2023,0,0,0,Vaccine and exposure protected
R,95,2,1,2023,0,0,0,Vaccine and exposure protected
R,96,2,1,2023,0,0,0,Vaccine and exposure protected
R,97,2,1,2023,0,0,0,Vaccine and exposure protected
R,98,2,1,2023,0,0,0,Vaccine and exposure protected
R,99,2,1,2023,0,0,0,Vaccine and exposure protected
R,100,2,1,2023,0,0,0,Vaccine and exposure protected
R,101,2,1,2023,0,0,0,Vaccine and exposure protected
R,1,3,1,2023,47,6,77,Vaccine and exposure protected
R,2,3,1,2023,82,16,96,Vaccine and exposure protected
R,3,3,1,2023,102,28,125,Vaccine and exposure protected
R,4,3,1,2023,106,39,122,Vaccine and exposure protected
R,5,3,1,2023,114,39,143,Vaccine and exposure protected
R,6,3,1,2023,115,37,147,Vaccine and exposure protected
R,7,3,1,2023,106,40,151,Vaccine and exposure protected
R,8,3,1,2023,120,53,138,Vaccine and exposure protected
R,9,3,1,2023,105,52,151,Vaccine and exposure protected
R,10,3,1,2023,108,55,157,Vaccine and exposure protected
R,11,3,1,2023,106,63,139,Vaccine and exposure protected
R,12,3,1,2023,108.5,64,123,Vaccine and exposure protected
R,13,3,1,2023,116,59,147,Vaccine and exposure protected
R,14,3,1,2023,114.5,58,148,Vaccine and exposure protected
R,15,3,1,2023,111.5,64,135,Vaccine and exposure protected
R,16,3,1,2023,98,68,145,Vaccine and exposure protected
R,17,3,1,2023,98.5,65,131,Vaccine and exposure protected
R,18,3,1,2023,126,78,137,Vaccine and exposure protected
R,19,3,1,2023,117,67,133,Vaccine and exposure protected
R,20,3,1,2023,111,83,139,Vaccine and exposure protected
R,21,3,1,2023,103.5,68,121,Vaccine and exposure protected
R,22,3,1,2023,118.5,56,132,Vaccine and exposure protected
R,23,3,1,2023,94,68,121,Vaccine and exposure protected
R,24,3,1,2023,92,74,112,Vaccine and exposure protected
R,25,3,1,2023,97,86,105,Vaccine and exposure protected
R,26,3,1,2023,99,86,114,Vaccine and exposure protected
R,27,3,1,2023,93,79,116,Vaccine and exposure protected
R,28,3,1,2023,93,81,109,Vaccine and exposure protected
R,29,3,1,2023,106,77,127,Vaccine and exposure protected
R,30,3,1,2023,121,87,148,Vaccine and exposure protected
R,31,3,1,2023,113,76,149,Vaccine and exposure protected
R,32,3,1,2023,126,68,140,Vaccine and exposure protected
R,33,3,1,2023,111.5,66,142,Vaccine and exposure protected
R,34,3,1,2023,94,60,134,Vaccine and exposure protected
R,35,3,1,2023,78,66,116,Vaccine and exposure protected
R,36,3,1,2023,79.5,61,91,Vaccine and exposure protected
R,37,3,1,2023,75,66,86,Vaccine and exposure protected
R,38,3,1,2023,60,46,84,Vaccine and exposure protected
R,39,3,1,2023,57,44,79,Vaccine and exposure protected
R,40,3,1,2023,46,35,71,Vaccine and exposure protected
R,41,3,1,2023,46,35,54,Vaccine and exposure protected
R,42,3,1,2023,48,27,59,Vaccine and exposure protected
R,43,3,1,2023,47,20,64,Vaccine and exposure protected
R,44,3,1,2023,38,18,56,Vaccine and exposure protected
R,45,3,1,2023,29,18,62,Vaccine and exposure protected
R,46,3,1,2023,26.5,14,48,Vaccine and exposure protected
R,47,3,1,2023,25,8,37,Vaccine and exposure protected
R,48,3,1,2023,13.5,4,39,Vaccine and exposure protected
R,49,3,1,2023,12,5,28,Vaccine and exposure protected
R,50,3,1,2023,14,8,28,Vaccine and exposure protected
R,51,3,1,2023,13.5,6,21,Vaccine and exposure protected
R,52,3,1,2023,16,7,22,Vaccine and exposure protected
R,53,3,1,2023,11.5,5,22,Vaccine and exposure protected
R,54,3,1,2023,19,10,23,Vaccine and exposure protected
R,55,3,1,2023,12,7,24,Vaccine and exposure protected
R,56,3,1,2023,12,6,25,Vaccine and exposure protected
R,57,3,1,2023,12,7,23,Vaccine and exposure protected
R,58,3,1,2023,7,4,16,Vaccine and exposure protected
R,59,3,1,2023,4,2,8,Vaccine and exposure protected
R,60,3,1,2023,2,0,10,Vaccine and exposure protected
R,61,3,1,2023,4,1,8,Vaccine and exposure protected
R,62,3,1,2023,3,0,8,Vaccine and exposure protected
R,63,3,1,2023,2,1,8,Vaccine and exposure protected
R,64,3,1,2023,3,1,7,Vaccine and exposure protected
R,65,3,1,2023,3,1,7,Vaccine and exposure protected
R,66,3,1,2023,3,0,7,Vaccine and exposure protected
R,67,3,1,2023,2,0,4,Vaccine and exposure protected
R,68,3,1,2023,3,0,7,Vaccine and exposure protected
R,69,3,1,2023,1,0,4,Vaccine and exposure protected
R,70,3,1,2023,0,0,3,Vaccine and exposure protected
R,71,3,1,2023,0,0,0,Vaccine and exposure protected
R,72,3,1,2023,0,0,0,Vaccine and exposure protected
R,73,3,1,2023,0,0,0,Vaccine and exposure protected
R,74,3,1,2023,0,0,0,Vaccine and exposure protected
R,75,3,1,2023,0,0,0,Vaccine and exposure protected
R,76,3,1,2023,0,0,0,Vaccine and exposure protected
R,77,3,1,2023,0,0,0,Vaccine and exposure protected
R,78,3,1,2023,0,0,0,Vaccine and exposure protected
R,79,3,1,2023,0,0,0,Vaccine and exposure protected
R,80,3,1,2023,0,0,0,Vaccine and exposure protected
R,81,3,1,2023,0,0,0,Vaccine and exposure protected
R,82,3,1,2023,0,0,0,Vaccine and exposure protected
R,83,3,1,2023,0,0,0,Vaccine and exposure protected
R,84,3,1,2023,0,0,0,Vaccine and exposure protected
R,85,3,1,2023,0,0,0,Vaccine and exposure protected
R,86,3,1,2023,0,0,0,Vaccine and exposure protected
R,87,3,1,2023,0,0,0,Vaccine and exposure protected
R,88,3,1,2023,0,0,0,Vaccine and exposure protected
R,89,3,1,2023,0,0,0,Vaccine and exposure protected
R,90,3,1,2023,0,0,0,Vaccine and exposure protected
R,91,3,1,2023,0,0,0,Vaccine and exposure protected
R,92,3,1,2023,0,0,0,Vaccine and exposure protected
R,93,3,1,2023,0,0,0,Vaccine and exposure protected
R,94,3,1,2023,0,0,0,Vaccine and exposure protected
R,95,3,1,2023,0,0,0,Vaccine and exposure protected
R,96,3,1,2023,0,0,0,Vaccine and exposure protected
R,97,3,1,2023,0,0,0,Vaccine and exposure protected
R,98,3,1,2023,0,0,0,Vaccine and exposure protected
R,99,3,1,2023,0,0,0,Vaccine and exposure protected
R,100,3,1,2023,0,0,0,Vaccine and exposure protected
R,101,3,1,2023,0,0,0,Vaccine and exposure protected
Is,1,1,1,2023,0,0,0,Exposure protected
Is,2,1,1,2023,0,0,0,Exposure protected
Is,3,1,1,2023,0,0,0,Exposure protected
Is,4,1,1,2023,0,0,0,Exposure protected
Is,5,1,1,2023,0,0,0,Exposure protected
Is,6,1,1,2023,0,0,0,Exposure protected
Is,7,1,1,2023,0,0,0,Exposure protected
Is,8,1,1,2023,0,0,0,Exposure protected
Is,9,1,1,2023,0,0,0,Exposure protected
Is,10,1,1,2023,0,0,0,Exposure protected
Is,11,1,1,2023,0,0,0,Exposure protected
Is,12,1,1,2023,0,0,0,Exposure protected
Is,13,1,1,2023,0,0,0,Exposure protected
Is,14,1,1,2023,0,0,0,Exposure protected
Is,15,1,1,2023,0,0,0,Exposure protected
Is,16,1,1,2023,0,0,0,Exposure protected
Is,17,1,1,2023,0,0,0,Exposure protected
Is,18,1,1,2023,0,0,0,Exposure protected
Is,19,1,1,2023,0,0,0,Exposure protected
Is,20,1,1,2023,0,0,0,Exposure protected
Is,21,1,1,2023,0,0,0,Exposure protected
Is,22,1,1,2023,0,0,0,Exposure protected
Is,23,1,1,2023,0,0,0,Exposure protected
Is,24,1,1,2023,0,0,0,Exposure protected
Is,25,1,1,2023,0,0,0,Exposure protected
Is,26,1,1,2023,0,0,0,Exposure protected
Is,27,1,1,2023,0,0,0,Exposure protected
Is,28,1,1,2023,0,0,0,Exposure protected
Is,29,1,1,2023,0,0,0,Exposure protected
Is,30,1,1,2023,0,0,0,Exposure protected
Is,31,1,1,2023,0,0,0,Exposure protected
Is,32,1,1,2023,0,0,0,Exposure protected
Is,33,1,1,2023,0,0,0,Exposure protected
Is,34,1,1,2023,0,0,0,Exposure protected
Is,35,1,1,2023,0,0,0,Exposure protected
Is,36,1,1,2023,0,0,0,Exposure protected
Is,37,1,1,2023,0,0,0,Exposure protected
Is,38,1,1,2023,0,0,0,Exposure protected
Is,39,1,1,2023,0,0,0,Exposure protected
Is,40,1,1,2023,0,0,0,Exposure protected
Is,41,1,1,2023,0,0,0,Exposure protected
Is,42,1,1,2023,0,0,0,Exposure protected
Is,43,1,1,2023,0,0,0,Exposure protected
Is,44,1,1,2023,0,0,0,Exposure protected
Is,45,1,1,2023,0,0,0,Exposure protected
Is,46,1,1,2023,0,0,0,Exposure protected
Is,47,1,1,2023,0,0,0,Exposure protected
Is,48,1,1,2023,0,0,0,Exposure protected
Is,49,1,1,2023,0,0,0,Exposure protected
Is,50,1,1,2023,0,0,0,Exposure protected
Is,51,1,1,2023,0,0,0,Exposure protected
Is,52,1,1,2023,0,0,0,Exposure protected
Is,53,1,1,2023,0,0,0,Exposure protected
Is,54,1,1,2023,0,0,0,Exposure protected
Is,55,1,1,2023,0,0,0,Exposure protected
Is,56,1,1,2023,0,0,0,Exposure protected
Is,57,1,1,2023,0,0,0,Exposure protected
Is,58,1,1,2023,0,0,0,Exposure protected
Is,59,1,1,2023,0,0,0,Exposure protected
Is,60,1,1,2023,0,0,0,Exposure protected
Is,61,1,1,2023,0,0,0,Exposure protected
Is,62,1,1,2023,0,0,0,Exposure protected
Is,63,1,1,2023,0,0,0,Exposure protected
Is,64,1,1,2023,0,0,0,Exposure protected
Is,65,1,1,2023,0,0,0,Exposure protected
Is,66,1,1,2023,0,0,0,Exposure protected
Is,67,1,1,2023,0,0,0,Exposure protected
Is,68,1,1,2023,0,0,0,Exposure protected
Is,69,1,1,2023,0,0,0,Exposure protected
Is,70,1,1,2023,0,0,0,Exposure protected
Is,71,1,1,2023,0,0,0,Exposure protected
Is,72,1,1,2023,0,0,0,Exposure protected
Is,73,1,1,2023,0,0,0,Exposure protected
Is,74,1,1,2023,0,0,0,Exposure protected
Is,75,1,1,2023,0,0,0,Exposure protected
Is,76,1,1,2023,0,0,0,Exposure protected
Is,77,1,1,2023,0,0,0,Exposure protected
Is,78,1,1,2023,0,0,0,Exposure protected
Is,79,1,1,2023,0,0,0,Exposure protected
Is,80,1,1,2023,0,0,0,Exposure protected
Is,81,1,1,2023,0,0,0,Exposure protected
Is,82,1,1,2023,0,0,0,Exposure protected
Is,83,1,1,2023,0,0,0,Exposure protected
Is,84,1,1,2023,0,0,0,Exposure protected
Is,85,1,1,2023,0,0,0,Exposure protected
Is,86,1,1,2023,0,0,0,Exposure protected
Is,87,1,1,2023,0,0,0,Exposure protected
Is,88,1,1,2023,0,0,0,Exposure protected
Is,89,1,1,2023,0,0,0,Exposure protected
Is,90,1,1,2023,0,0,0,Exposure protected
Is,91,1,1,2023,0,0,0,Exposure protected
Is,92,1,1,2023,0,0,0,Exposure protected
Is,93,1,1,2023,0,0,0,Exposure protected
Is,94,1,1,2023,0,0,0,Exposure protected
Is,95,1,1,2023,0,0,0,Exposure protected
Is,96,1,1,2023,0,0,0,Exposure protected
Is,97,1,1,2023,0,0,0,Exposure protected
Is,98,1,1,2023,0,0,0,Exposure protected
Is,99,1,1,2023,0,0,0,Exposure protected
Is,100,1,1,2023,0,0,0,Exposure protected
Is,101,1,1,2023,0,0,0,Exposure protected
Is,1,2,1,2023,0,0,0,Vaccine and exposure protected
Is,2,2,1,2023,0,0,0,Vaccine and exposure protected
Is,3,2,1,2023,0,0,0,Vaccine and exposure protected
Is,4,2,1,2023,0,0,0,Vaccine and exposure protected
Is,5,2,1,2023,0,0,0,Vaccine and exposure protected
Is,6,2,1,2023,0,0,0,Vaccine and exposure protected
Is,7,2,1,2023,0,0,0,Vaccine and exposure protected
Is,8,2,1,2023,0,0,0,Vaccine and exposure protected
Is,9,2,1,2023,0,0,0,Vaccine and exposure protected
Is,10,2,1,2023,0,0,0,Vaccine and exposure protected
Is,11,2,1,2023,0,0,0,Vaccine and exposure protected
Is,12,2,1,2023,0,0,0,Vaccine and exposure protected
Is,13,2,1,2023,0,0,0,Vaccine and exposure protected
Is,14,2,1,2023,0,0,0,Vaccine and exposure protected
Is,15,2,1,2023,0,0,0,Vaccine and exposure protected
Is,16,2,1,2023,0,0,0,Vaccine and exposure protected
Is,17,2,1,2023,0,0,0,Vaccine and exposure protected
Is,18,2,1,2023,0,0,0,Vaccine and exposure protected
Is,19,2,1,2023,0,0,0,Vaccine and exposure protected
Is,20,2,1,2023,0,0,0,Vaccine and exposure protected
Is,21,2,1,2023,0,0,0,Vaccine and exposure protected
Is,22,2,1,2023,0,0,0,Vaccine and exposure protected
Is,23,2,1,2023,0,0,0,Vaccine and exposure protected
Is,24,2,1,2023,0,0,0,Vaccine and exposure protected
Is,25,2,1,2023,0,0,0,Vaccine and exposure protected
Is,26,2,1,2023,0,0,0,Vaccine and exposure protected
Is,27,2,1,2023,0,0,0,Vaccine and exposure protected
Is,28,2,1,2023,0,0,0,Vaccine and exposure protected
Is,29,2,1,2023,0,0,0,Vaccine and exposure protected
Is,30,2,1,2023,0,0,0,Vaccine and exposure protected
Is,31,2,1,2023,0,0,0,Vaccine and exposure protected
Is,32,2,1,2023,0,0,0,Vaccine and exposure protected
Is,33,2,1,2023,0,0,0,Vaccine and exposure protected
Is,34,2,1,2023,0,0,0,Vaccine and exposure protected
Is,35,2,1,2023,0,0,0,Vaccine and exposure protected
Is,36,2,1,2023,0,0,0,Vaccine and exposure protected
Is,37,2,1,2023,0,0,0,Vaccine and exposure protected
Is,38,2,1,2023,0,0,0,Vaccine and exposure protected
Is,39,2,1,2023,0,0,0,Vaccine and exposure protected
Is,40,2,1,2023,0,0,0,Vaccine and exposure protected
Is,41,2,1,2023,0,0,0,Vaccine and exposure protected
Is,42,2,1,2023,0,0,0,Vaccine and exposure protected
Is,43,2,1,2023,0,0,0,Vaccine and exposure protected
Is,44,2,1,2023,0,0,0,Vaccine and exposure protected
Is,45,2,1,2023,0,0,0,Vaccine and exposure protected
Is,46,2,1,2023,0,0,0,Vaccine and exposure protected
Is,47,2,1,2023,0,0,0,Vaccine and exposure protected
Is,48,2,1,2023,0,0,0,Vaccine and exposure protected
Is,49,2,1,2023,0,0,0,Vaccine and exposure protected
Is,50,2,1,2023,0,0,0,Vaccine and exposure protected
Is,51,2,1,2023,0,0,0,Vaccine and exposure protected
Is,52,2,1,2023,0,0,0,Vaccine and exposure protected
Is,53,2,1,2023,0,0,0,Vaccine and exposure protected
Is,54,2,1,2023,0,0,0,Vaccine and exposure protected
Is,55,2,1,2023,0,0,0,Vaccine and exposure protected
Is,56,2,1,2023,0,0,0,Vaccine and exposure protected
Is,57,2,1,2023,0,0,0,Vaccine and exposure protected
Is,58,2,1,2023,0,0,0,Vaccine and exposure protected
Is,59,2,1,2023,0,0,0,Vaccine and exposure protected
Is,60,2,1,2023,0,0,0,Vaccine and exposure protected
Is,61,2,1,2023,0,0,0,Vaccine and exposure protected
Is,62,2,1,2023,0,0,0,Vaccine and exposure protected
Is,63,2,1,2023,0,0,0,Vaccine and exposure protected
Is,64,2,1,2023,0,0,0,Vaccine and exposure protected
Is,65,2,1,2023,0,0,0,Vaccine and exposure protected
Is,66,2,1,2023,0,0,0,Vaccine and exposure protected
Is,67,2,1,2023,0,0,0,Vaccine and exposure protected
Is,68,2,1,2023,0,0,0,Vaccine and exposure protected
Is,69,2,1,2023,0,0,0,Vaccine and exposure protected
Is,70,2,1,2023,0,0,0,Vaccine and exposure protected
Is,71,2,1,2023,0,0,0,Vaccine and exposure protected
Is,72,2,1,2023,0,0,0,Vaccine and exposure protected
Is,73,2,1,2023,0,0,0,Vaccine and exposure protected
Is,74,2,1,2023,0,0,0,Vaccine and exposure protected
Is,75,2,1,2023,0,0,0,Vaccine and exposure protected
Is,76,2,1,2023,0,0,0,Vaccine and exposure protected
Is,77,2,1,2023,0,0,0,Vaccine and exposure protected
Is,78,2,1,2023,0,0,0,Vaccine and exposure protected
Is,79,2,1,2023,0,0,0,Vaccine and exposure protected
Is,80,2,1,2023,0,0,0,Vaccine and exposure protected
Is,81,2,1,2023,0,0,0,Vaccine and exposure protected
Is,82,2,1,2023,0,0,0,Vaccine and exposure protected
Is,83,2,1,2023,0,0,0,Vaccine and exposure protected
Is,84,2,1,2023,0,0,0,Vaccine and exposure protected
Is,85,2,1,2023,0,0,0,Vaccine and exposure protected
Is,86,2,1,2023,0,0,0,Vaccine and exposure protected
Is,87,2,1,2023,0,0,0,Vaccine and exposure protected
Is,88,2,1,2023,0,0,0,Vaccine and exposure protected
Is,89,2,1,2023,0,0,0,Vaccine and exposure protected
Is,90,2,1,2023,0,0,0,Vaccine and exposure protected
Is,91,2,1,2023,0,0,0,Vaccine and exposure protected
Is,92,2,1,2023,0,0,0,Vaccine and exposure protected
Is,93,2,1,2023,0,0,0,Vaccine and exposure protected
Is,94,2,1,2023,0,0,0,Vaccine and exposure protected
Is,95,2,1,2023,0,0,0,Vaccine and exposure protected
Is,96,2,1,2023,0,0,0,Vaccine and exposure protected
Is,97,2,1,2023,0,0,0,Vaccine and exposure protected
Is,98,2,1,2023,0,0,0,Vaccine and exposure protected
Is,99,2,1,2023,0,0,0,Vaccine and exposure protected
Is,100,2,1,2023,0,0,0,Vaccine and exposure protected
Is,101,2,1,2023,0,0,0,Vaccine and exposure protected
Is,1,3,1,2023,0,0,0,Vaccine and exposure protected
Is,2,3,1,2023,0,0,0,Vaccine and exposure protected
Is,3,3,1,2023,0,0,0,Vaccine and exposure protected
Is,4,3,1,2023,0,0,0,Vaccine and exposure protected
Is,5,3,1,2023,0,0,0,Vaccine and exposure protected
Is,6,3,1,2023,0,0,0,Vaccine and exposure protected
Is,7,3,1,2023,0,0,0,Vaccine and exposure protected
Is,8,3,1,2023,0,0,0,Vaccine and exposure protected
Is,9,3,1,2023,0,0,0,Vaccine and exposure protected
Is,10,3,1,2023,0,0,0,Vaccine and exposure protected
Is,11,3,1,2023,0,0,0,Vaccine and exposure protected
Is,12,3,1,2023,0,0,0,Vaccine and exposure protected
Is,13,3,1,2023,0,0,0,Vaccine and exposure protected
Is,14,3,1,2023,0,0,0,Vaccine and exposure protected
Is,15,3,1,2023,0,0,0,Vaccine and exposure protected
Is,16,3,1,2023,0,0,0,Vaccine and exposure protected
Is,17,3,1,2023,0,0,0,Vaccine and exposure protected
Is,18,3,1,2023,0,0,0,Vaccine and exposure protected
Is,19,3,1,2023,0,0,0,Vaccine and exposure protected
Is,20,3,1,2023,0,0,0,Vaccine and exposure protected
Is,21,3,1,2023,0,0,0,Vaccine and exposure protected
Is,22,3,1,2023,0,0,0,Vaccine and exposure protected
Is,23,3,1,2023,0,0,0,Vaccine and exposure protected
Is,24,3,1,2023,0,0,0,Vaccine and exposure protected
Is,25,3,1,2023,0,0,0,Vaccine and exposure protected
Is,26,3,1,2023,0,0,0,Vaccine and exposure protected
Is,27,3,1,2023,0,0,0,Vaccine and exposure protected
Is,28,3,1,2023,0,0,0,Vaccine and exposure protected
Is,29,3,1,2023,0,0,0,Vaccine and exposure protected
Is,30,3,1,2023,0,0,0,Vaccine and exposure protected
Is,31,3,1,2023,0,0,0,Vaccine and exposure protected
Is,32,3,1,2023,0,0,0,Vaccine and exposure protected
Is,33,3,1,2023,0,0,0,Vaccine and exposure protected
Is,34,3,1,2023,0,0,0,Vaccine and exposure protected
Is,35,3,1,2023,0,0,0,Vaccine and exposure protected
Is,36,3,1,2023,0,0,0,Vaccine and exposure protected
Is,37,3,1,2023,0,0,0,Vaccine and exposure protected
Is,38,3,1,2023,0,0,0,Vaccine and exposure protected
Is,39,3,1,2023,0,0,0,Vaccine and exposure protected
Is,40,3,1,2023,0,0,0,Vaccine and exposure protected
Is,41,3,1,2023,0,0,0,Vaccine and exposure protected
Is,42,3,1,2023,0,0,0,Vaccine and exposure protected
Is,43,3,1,2023,0,0,0,Vaccine and exposure protected
Is,44,3,1,2023,0,0,0,Vaccine and exposure protected
Is,45,3,1,2023,0,0,0,Vaccine and exposure protected
Is,46,3,1,2023,0,0,0,Vaccine and exposure protected
Is,47,3,1,2023,0,0,0,Vaccine and exposure protected
Is,48,3,1,2023,0,0,0,Vaccine and exposure protected
Is,49,3,1,2023,0,0,0,Vaccine and exposure protected
Is,50,3,1,2023,0,0,0,Vaccine and exposure protected
Is,51,3,1,2023,0,0,0,Vaccine and exposure protected
Is,52,3,1,2023,0,0,0,Vaccine and exposure protected
Is,53,3,1,2023,0,0,0,Vaccine and exposure protected
Is,54,3,1,2023,0,0,0,Vaccine and exposure protected
Is,55,3,1,2023,0,0,0,Vaccine and exposure protected
Is,56,3,1,2023,0,0,0,Vaccine and exposure protected
Is,57,3,1,2023,0,0,0,Vaccine and exposure protected
Is,58,3,1,2023,0,0,0,Vaccine and exposure protected
Is,59,3,1,2023,0,0,0,Vaccine and exposure protected
Is,60,3,1,2023,0,0,0,Vaccine and exposure protected
Is,61,3,1,2023,0,0,0,Vaccine and exposure protected
Is,62,3,1,2023,0,0,0,Vaccine and exposure protected
Is,63,3,1,2023,0,0,0,Vaccine and exposure protected
Is,64,3,1,2023,0,0,0,Vaccine and exposure protected
Is,65,3,1,2023,0,0,0,Vaccine and exposure protected
Is,66,3,1,2023,0,0,0,Vaccine and exposure protected
Is,67,3,1,2023,0,0,0,Vaccine and exposure protected
Is,68,3,1,2023,0,0,0,Vaccine and exposure protected
Is,69,3,1,2023,0,0,0,Vaccine and exposure protected
Is,70,3,1,2023,0,0,0,Vaccine and exposure protected
Is,71,3,1,2023,0,0,0,Vaccine and exposure protected
Is,72,3,1,2023,0,0,0,Vaccine and exposure protected
Is,73,3,1,2023,0,0,0,Vaccine and exposure protected
Is,74,3,1,2023,0,0,0,Vaccine and exposure protected
Is,75,3,1,2023,0,0,0,Vaccine and exposure protected
Is,76,3,1,2023,0,0,0,Vaccine and exposure protected
Is,77,3,1,2023,0,0,0,Vaccine and exposure protected
Is,78,3,1,2023,0,0,0,Vaccine and exposure protected
Is,79,3,1,2023,0,0,0,Vaccine and exposure protected
Is,80,3,1,2023,0,0,0,Vaccine and exposure protected
Is,81,3,1,2023,0,0,0,Vaccine and exposure protected
Is,82,3,1,2023,0,0,0,Vaccine and exposure protected
Is,83,3,1,2023,0,0,0,Vaccine and exposure protected
Is,84,3,1,2023,0,0,0,Vaccine and exposure protected
Is,85,3,1,2023,0,0,0,Vaccine and exposure protected
Is,86,3,1,2023,0,0,0,Vaccine and exposure protected
Is,87,3,1,2023,0,0,0,Vaccine and exposure protected
Is,88,3,1,2023,0,0,0,Vaccine and exposure protected
Is,89,3,1,2023,0,0,0,Vaccine and exposure protected
Is,90,3,1,2023,0,0,0,Vaccine and exposure protected
Is,91,3,1,2023,0,0,0,Vaccine and exposure protected
Is,92,3,1,2023,0,0,0,Vaccine and exposure protected
Is,93,3,1,2023,0,0,0,Vaccine and exposure protected
Is,94,3,1,2023,0,0,0,Vaccine and exposure protected
Is,95,3,1,2023,0,0,0,Vaccine and exposure protected
Is,96,3,1,2023,0,0,0,Vaccine and exposure protected
Is,97,3,1,2023,0,0,0,Vaccine and exposure protected
Is,98,3,1,2023,0,0,0,Vaccine and exposure protected
Is,99,3,1,2023,0,0,0,Vaccine and exposure protected
Is,100,3,1,2023,0,0,0,Vaccine and exposure protected
Is,101,3,1,2023,0,0,0,Vaccine and exposure protected
Rc,1,1,1,2023,0,0,0,Exposure protected
Rc,2,1,1,2023,0,0,0,Exposure protected
Rc,3,1,1,2023,0,0,0,Exposure protected
Rc,4,1,1,2023,0,0,0,Exposure protected
Rc,5,1,1,2023,0,0,0,Exposure protected
Rc,6,1,1,2023,0,0,0,Exposure protected
Rc,7,1,1,2023,0,0,0,Exposure protected
Rc,8,1,1,2023,0,0,0,Exposure protected
Rc,9,1,1,2023,0,0,0,Exposure protected
Rc,10,1,1,2023,0,0,0,Exposure protected
Rc,11,1,1,2023,0,0,0,Exposure protected
Rc,12,1,1,2023,0,0,0,Exposure protected
Rc,13,1,1,2023,0,0,0,Exposure protected
Rc,14,1,1,2023,0,0,0,Exposure protected
Rc,15,1,1,2023,0,0,0,Exposure protected
Rc,16,1,1,2023,0,0,0,Exposure protected
Rc,17,1,1,2023,0,0,0,Exposure protected
Rc,18,1,1,2023,0,0,0,Exposure protected
Rc,19,1,1,2023,0,0,0,Exposure protected
Rc,20,1,1,2023,0,0,0,Exposure protected
Rc,21,1,1,2023,0,0,0,Exposure protected
Rc,22,1,1,2023,0,0,0,Exposure protected
Rc,23,1,1,2023,0,0,0,Exposure protected
Rc,24,1,1,2023,0,0,0,Exposure protected
Rc,25,1,1,2023,0,0,0,Exposure protected
Rc,26,1,1,2023,0,0,0,Exposure protected
Rc,27,1,1,2023,0,0,0,Exposure protected
Rc,28,1,1,2023,0,0,0,Exposure protected
Rc,29,1,1,2023,0,0,0,Exposure protected
Rc,30,1,1,2023,0,0,0,Exposure protected
Rc,31,1,1,2023,0,0,0,Exposure protected
Rc,32,1,1,2023,0,0,0,Exposure protected
Rc,33,1,1,2023,0,0,0,Exposure protected
Rc,34,1,1,2023,0,0,0,Exposure protected
Rc,35,1,1,2023,0,0,0,Exposure protected
Rc,36,1,1,2023,0,0,0,Exposure protected
Rc,37,1,1,2023,0,0,0,Exposure protected
Rc,38,1,1,2023,0,0,0,Exposure protected
Rc,39,1,1,2023,0,0,0,Exposure protected
Rc,40,1,1,2023,0,0,0,Exposure protected
Rc,41,1,1,2023,0,0,0,Exposure protected
Rc,42,1,1,2023,0,0,0,Exposure protected
Rc,43,1,1,2023,0,0,0,Exposure protected
Rc,44,1,1,2023,0,0,0,Exposure protected
Rc,45,1,1,2023,0,0,0,Exposure protected
Rc,46,1,1,2023,0,0,0,Exposure protected
Rc,47,1,1,2023,0,0,0,Exposure protected
Rc,48,1,1,2023,0,0,0,Exposure protected
Rc,49,1,1,2023,0,0,0,Exposure protected
Rc,50,1,1,2023,0,0,0,Exposure protected
Rc,51,1,1,2023,0,0,0,Exposure protected
Rc,52,1,1,2023,0,0,0,Exposure protected
Rc,53,1,1,2023,0,0,0,Exposure protected
Rc,54,1,1,2023,0,0,0,Exposure protected
Rc,55,1,1,2023,0,0,0,Exposure protected
Rc,56,1,1,2023,0,0,0,Exposure protected
Rc,57,1,1,2023,0,0,0,Exposure protected
Rc,58,1,1,2023,0,0,0,Exposure protected
Rc,59,1,1,2023,0,0,0,Exposure protected
Rc,60,1,1,2023,0,0,0,Exposure protected
Rc,61,1,1,2023,0,0,0,Exposure protected
Rc,62,1,1,2023,0,0,0,Exposure protected
Rc,63,1,1,2023,0,0,0,Exposure protected
Rc,64,1,1,2023,0,0,0,Exposure protected
Rc,65,1,1,2023,0,0,0,Exposure protected
Rc,66,1,1,2023,0,0,0,Exposure protected
Rc,67,1,1,2023,0,0,0,Exposure protected
Rc,68,1,1,2023,0,0,0,Exposure protected
Rc,69,1,1,2023,0,0,0,Exposure protected
Rc,70,1,1,2023,0,0,0,Exposure protected
Rc,71,1,1,2023,0,0,0,Exposure protected
Rc,72,1,1,2023,0,0,0,Exposure protected
Rc,73,1,1,2023,0,0,0,Exposure protected
Rc,74,1,1,2023,0,0,0,Exposure protected
Rc,75,1,1,2023,0,0,0,Exposure protected
Rc,76,1,1,2023,0,0,0,Exposure protected
Rc,77,1,1,2023,0,0,0,Exposure protected
Rc,78,1,1,2023,0,0,0,Exposure protected
Rc,79,1,1,2023,0,0,0,Exposure protected
Rc,80,1,1,2023,0,0,0,Exposure protected
Rc,81,1,1,2023,0,0,0,Exposure protected
Rc,82,1,1,2023,0,0,0,Exposure protected
Rc,83,1,1,2023,0,0,0,Exposure protected
Rc,84,1,1,2023,0,0,0,Exposure protected
Rc,85,1,1,2023,0,0,0,Exposure protected
Rc,86,1,1,2023,0,0,0,Exposure protected
Rc,87,1,1,2023,0,0,0,Exposure protected
Rc,88,1,1,2023,0,0,0,Exposure protected
Rc,89,1,1,2023,0,0,0,Exposure protected
Rc,90,1,1,2023,0,0,0,Exposure protected
Rc,91,1,1,2023,0,0,0,Exposure protected
Rc,92,1,1,2023,0,0,0,Exposure protected
Rc,93,1,1,2023,0,0,0,Exposure protected
Rc,94,1,1,2023,0,0,0,Exposure protected
Rc,95,1,1,2023,0,0,0,Exposure protected
Rc,96,1,1,2023,0,0,0,Exposure protected
Rc,97,1,1,2023,0,0,0,Exposure protected
Rc,98,1,1,2023,0,0,0,Exposure protected
Rc,99,1,1,2023,0,0,0,Exposure protected
Rc,100,1,1,2023,0,0,0,Exposure protected
Rc,101,1,1,2023,0,0,0,Exposure protected
Rc,1,2,1,2023,0,0,0,Vaccine and exposure protected
Rc,2,2,1,2023,0,0,0,Vaccine and exposure protected
Rc,3,2,1,2023,0,0,0,Vaccine and exposure protected
Rc,4,2,1,2023,0,0,0,Vaccine and exposure protected
Rc,5,2,1,2023,0,0,0,Vaccine and exposure protected
Rc,6,2,1,2023,0,0,0,Vaccine and exposure protected
Rc,7,2,1,2023,0,0,0,Vaccine and exposure protected
Rc,8,2,1,2023,0,0,0,Vaccine and exposure protected
Rc,9,2,1,2023,0,0,0,Vaccine and exposure protected
Rc,10,2,1,2023,0,0,0,Vaccine and exposure protected
Rc,11,2,1,2023,0,0,0,Vaccine and exposure protected
Rc,12,2,1,2023,0,0,0,Vaccine and exposure protected
Rc,13,2,1,2023,0,0,0,Vaccine and exposure protected
Rc,14,2,1,2023,0,0,0,Vaccine and exposure protected
Rc,15,2,1,2023,0,0,0,Vaccine and exposure protected
Rc,16,2,1,2023,0,0,0,Vaccine and exposure protected
Rc,17,2,1,2023,0,0,0,Vaccine and exposure protected
Rc,18,2,1,2023,0,0,0,Vaccine and exposure protected
Rc,19,2,1,2023,0,0,0,Vaccine and exposure protected
Rc,20,2,1,2023,0,0,0,Vaccine and exposure protected
Rc,21,2,1,2023,0,0,0,Vaccine and exposure protected
Rc,22,2,1,2023,0,0,0,Vaccine and exposure protected
Rc,23,2,1,2023,0,0,0,Vaccine and exposure protected
Rc,24,2,1,2023,0,0,0,Vaccine and exposure protected
Rc,25,2,1,2023,0,0,0,Vaccine and exposure protected
Rc,26,2,1,2023,0,0,0,Vaccine and exposure protected
Rc,27,2,1,2023,0,0,0,Vaccine and exposure protected
Rc,28,2,1,2023,0,0,0,Vaccine and exposure protected
Rc,29,2,1,2023,0,0,0,Vaccine and exposure protected
Rc,30,2,1,2023,0,0,0,Vaccine and exposure protected
Rc,31,2,1,2023,0,0,0,Vaccine and exposure protected
Rc,32,2,1,2023,0,0,0,Vaccine and exposure protected
Rc,33,2,1,2023,0,0,0,Vaccine and exposure protected
Rc,34,2,1,2023,0,0,0,Vaccine and exposure protected
Rc,35,2,1,2023,0,0,0,Vaccine and exposure protected
Rc,36,2,1,2023,0,0,0,Vaccine and exposure protected
Rc,37,2,1,2023,0,0,0,Vaccine and exposure protected
Rc,38,2,1,2023,0,0,0,Vaccine and exposure protected
Rc,39,2,1,2023,0,0,0,Vaccine and exposure protected
Rc,40,2,1,2023,0,0,0,Vaccine and exposure protected
Rc,41,2,1,2023,0,0,0,Vaccine and exposure protected
Rc,42,2,1,2023,0,0,0,Vaccine and exposure protected
Rc,43,2,1,2023,0,0,0,Vaccine and exposure protected
Rc,44,2,1,2023,0,0,0,Vaccine and exposure protected
Rc,45,2,1,2023,0,0,0,Vaccine and exposure protected
Rc,46,2,1,2023,0,0,0,Vaccine and exposure protected
Rc,47,2,1,2023,0,0,0,Vaccine and exposure protected
Rc,48,2,1,2023,0,0,0,Vaccine and exposure protected
Rc,49,2,1,2023,0,0,0,Vaccine and exposure protected
Rc,50,2,1,2023,0,0,0,Vaccine and exposure protected
Rc,51,2,1,2023,0,0,0,Vaccine and exposure protected
Rc,52,2,1,2023,0,0,0,Vaccine and exposure protected
Rc,53,2,1,2023,0,0,0,Vaccine and exposure protected
Rc,54,2,1,2023,0,0,0,Vaccine and exposure protected
Rc,55,2,1,2023,0,0,0,Vaccine and exposure protected
Rc,56,2,1,2023,0,0,0,Vaccine and exposure protected
Rc,57,2,1,2023,0,0,0,Vaccine and exposure protected
Rc,58,2,1,2023,0,0,0,Vaccine and exposure protected
Rc,59,2,1,2023,0,0,0,Vaccine and exposure protected
Rc,60,2,1,2023,0,0,0,Vaccine and exposure protected
Rc,61,2,1,2023,0,0,0,Vaccine and exposure protected
Rc,62,2,1,2023,0,0,0,Vaccine and exposure protected
Rc,63,2,1,2023,0,0,0,Vaccine and exposure protected
Rc,64,2,1,2023,0,0,0,Vaccine and exposure protected
Rc,65,2,1,2023,0,0,0,Vaccine and exposure protected
Rc,66,2,1,2023,0,0,0,Vaccine and exposure protected
Rc,67,2,1,2023,0,0,0,Vaccine and exposure protected
Rc,68,2,1,2023,0,0,0,Vaccine and exposure protected
Rc,69,2,1,2023,0,0,0,Vaccine and exposure protected
Rc,70,2,1,2023,0,0,0,Vaccine and exposure protected
Rc,71,2,1,2023,0,0,0,Vaccine and exposure protected
Rc,72,2,1,2023,0,0,0,Vaccine and exposure protected
Rc,73,2,1,2023,0,0,0,Vaccine and exposure protected
Rc,74,2,1,2023,0,0,0,Vaccine and exposure protected
Rc,75,2,1,2023,0,0,0,Vaccine and exposure protected
Rc,76,2,1,2023,0,0,0,Vaccine and exposure protected
Rc,77,2,1,2023,0,0,0,Vaccine and exposure protected
Rc,78,2,1,2023,0,0,0,Vaccine and exposure protected
Rc,79,2,1,2023,0,0,0,Vaccine and exposure protected
Rc,80,2,1,2023,0,0,0,Vaccine and exposure protected
Rc,81,2,1,2023,0,0,0,Vaccine and exposure protected
Rc,82,2,1,2023,0,0,0,Vaccine and exposure protected
Rc,83,2,1,2023,0,0,0,Vaccine and exposure protected
Rc,84,2,1,2023,0,0,0,Vaccine and exposure protected
Rc,85,2,1,2023,0,0,0,Vaccine and exposure protected
Rc,86,2,1,2023,0,0,0,Vaccine and exposure protected
Rc,87,2,1,2023,0,0,0,Vaccine and exposure protected
Rc,88,2,1,2023,0,0,0,Vaccine and exposure protected
Rc,89,2,1,2023,0,0,0,Vaccine and exposure protected
Rc,90,2,1,2023,0,0,0,Vaccine and exposure protected
Rc,91,2,1,2023,0,0,0,Vaccine and exposure protected
Rc,92,2,1,2023,0,0,0,Vaccine and exposure protected
Rc,93,2,1,2023,0,0,0,Vaccine and exposure protected
Rc,94,2,1,2023,0,0,0,Vaccine and exposure protected
Rc,95,2,1,2023,0,0,0,Vaccine and exposure protected
Rc,96,2,1,2023,0,0,0,Vaccine and exposure protected
Rc,97,2,1,2023,0,0,0,Vaccine and exposure protected
Rc,98,2,1,2023,0,0,0,Vaccine and exposure protected
Rc,99,2,1,2023,0,0,0,Vaccine and exposure protected
Rc,100,2,1,2023,0,0,0,Vaccine and exposure protected
Rc,101,2,1,2023,0,0,0,Vaccine and exposure protected
Rc,1,3,1,2023,0,0,0,Vaccine and exposure protected
Rc,2,3,1,2023,0,0,0,Vaccine and exposure protected
Rc,3,3,1,2023,0,0,0,Vaccine and exposure protected
Rc,4,3,1,2023,0,0,0,Vaccine and exposure protected
Rc,5,3,1,2023,0,0,0,Vaccine and exposure protected
Rc,6,3,1,2023,0,0,0,Vaccine and exposure protected
Rc,7,3,1,2023,0,0,0,Vaccine and exposure protected
Rc,8,3,1,2023,0,0,0,Vaccine and exposure protected
Rc,9,3,1,2023,0,0,0,Vaccine and exposure protected
Rc,10,3,1,2023,0,0,0,Vaccine and exposure protected
Rc,11,3,1,2023,0,0,0,Vaccine and exposure protected
Rc,12,3,1,2023,0,0,0,Vaccine and exposure protected
Rc,13,3,1,2023,0,0,0,Vaccine and exposure protected
Rc,14,3,1,2023,0,0,0,Vaccine and exposure protected
Rc,15,3,1,2023,0,0,0,Vaccine and exposure protected
Rc,16,3,1,2023,0,0,0,Vaccine and exposure protected
Rc,17,3,1,2023,0,0,0,Vaccine and exposure protected
Rc,18,3,1,2023,0,0,0,Vaccine and exposure protected
Rc,19,3,1,2023,0,0,0,Vaccine and exposure protected
Rc,20,3,1,2023,0,0,0,Vaccine and exposure protected
Rc,21,3,1,2023,0,0,0,Vaccine and exposure protected
Rc,22,3,1,2023,0,0,0,Vaccine and exposure protected
Rc,23,3,1,2023,0,0,0,Vaccine and exposure protected
Rc,24,3,1,2023,0,0,0,Vaccine and exposure protected
Rc,25,3,1,2023,0,0,0,Vaccine and exposure protected
Rc,26,3,1,2023,0,0,0,Vaccine and exposure protected
Rc,27,3,1,2023,0,0,0,Vaccine and exposure protected
Rc,28,3,1,2023,0,0,0,Vaccine and exposure protected
Rc,29,3,1,2023,0,0,0,Vaccine and exposure protected
Rc,30,3,1,2023,0,0,0,Vaccine and exposure protected
Rc,31,3,1,2023,0,0,0,Vaccine and exposure protected
Rc,32,3,1,2023,0,0,0,Vaccine and exposure protected
Rc,33,3,1,2023,0,0,0,Vaccine and exposure protected
Rc,34,3,1,2023,0,0,0,Vaccine and exposure protected
Rc,35,3,1,2023,0,0,0,Vaccine and exposure protected
Rc,36,3,1,2023,0,0,0,Vaccine and exposure protected
Rc,37,3,1,2023,0,0,0,Vaccine and exposure protected
Rc,38,3,1,2023,0,0,0,Vaccine and exposure protected
Rc,39,3,1,2023,0,0,0,Vaccine and exposure protected
Rc,40,3,1,2023,0,0,0,Vaccine and exposure protected
Rc,41,3,1,2023,0,0,0,Vaccine and exposure protected
Rc,42,3,1,2023,0,0,0,Vaccine and exposure protected
Rc,43,3,1,2023,0,0,0,Vaccine and exposure protected
Rc,44,3,1,2023,0,0,0,Vaccine and exposure protected
Rc,45,3,1,2023,0,0,0,Vaccine and exposure protected
Rc,46,3,1,2023,0,0,0,Vaccine and exposure protected
Rc,47,3,1,2023,0,0,0,Vaccine and exposure protected
Rc,48,3,1,2023,0,0,0,Vaccine and exposure protected
Rc,49,3,1,2023,0,0,0,Vaccine and exposure protected
Rc,50,3,1,2023,0,0,0,Vaccine and exposure protected
Rc,51,3,1,2023,0,0,0,Vaccine and exposure protected
Rc,52,3,1,2023,0,0,0,Vaccine and exposure protected
Rc,53,3,1,2023,0,0,0,Vaccine and exposure protected
Rc,54,3,1,2023,0,0,0,Vaccine and exposure protected
Rc,55,3,1,2023,0,0,0,Vaccine and exposure protected
Rc,56,3,1,2023,0,0,0,Vaccine and exposure protected
Rc,57,3,1,2023,0,0,0,Vaccine and exposure protected
Rc,58,3,1,2023,0,0,0,Vaccine and exposure protected
Rc,59,3,1,2023,0,0,0,Vaccine and exposure protected
Rc,60,3,1,2023,0,0,0,Vaccine and exposure protected
Rc,61,3,1,2023,0,0,0,Vaccine and exposure protected
Rc,62,3,1,2023,0,0,0,Vaccine and exposure protected
Rc,63,3,1,2023,0,0,0,Vaccine and exposure protected
Rc,64,3,1,2023,0,0,0,Vaccine and exposure protected
Rc,65,3,1,2023,0,0,0,Vaccine and exposure protected
Rc,66,3,1,2023,0,0,0,Vaccine and exposure protected
Rc,67,3,1,2023,0,0,0,Vaccine and exposure protected
Rc,68,3,1,2023,0,0,0,Vaccine and exposure protected
Rc,69,3,1,2023,0,0,0,Vaccine and exposure protected
Rc,70,3,1,2023,0,0,0,Vaccine and exposure protected
Rc,71,3,1,2023,0,0,0,Vaccine and exposure protected
Rc,72,3,1,2023,0,0,0,Vaccine and exposure protected
Rc,73,3,1,2023,0,0,0,Vaccine and exposure protected
Rc,74,3,1,2023,0,0,0,Vaccine and exposure protected
Rc,75,3,1,2023,0,0,0,Vaccine and exposure protected
Rc,76,3,1,2023,0,0,0,Vaccine and exposure protected
Rc,77,3,1,2023,0,0,0,Vaccine and exposure protected
Rc,78,3,1,2023,0,0,0,Vaccine and exposure protected
Rc,79,3,1,2023,0,0,0,Vaccine and exposure protected
Rc,80,3,1,2023,0,0,0,Vaccine and exposure protected
Rc,81,3,1,2023,0,0,0,Vaccine and exposure protected
Rc,82,3,1,2023,0,0,0,Vaccine and exposure protected
Rc,83,3,1,2023,0,0,0,Vaccine and exposure protected
Rc,84,3,1,2023,0,0,0,Vaccine and exposure protected
Rc,85,3,1,2023,0,0,0,Vaccine and exposure protected
Rc,86,3,1,2023,0,0,0,Vaccine and exposure protected
Rc,87,3,1,2023,0,0,0,Vaccine and exposure protected
Rc,88,3,1,2023,0,0,0,Vaccine and exposure protected
Rc,89,3,1,2023,0,0,0,Vaccine and exposure protected
Rc,90,3,1,2023,0,0,0,Vaccine and exposure protected
Rc,91,3,1,2023,0,0,0,Vaccine and exposure protected
Rc,92,3,1,2023,0,0,0,Vaccine and exposure protected
Rc,93,3,1,2023,0,0,0,Vaccine and exposure protected
Rc,94,3,1,2023,0,0,0,Vaccine and exposure protected
Rc,95,3,1,2023,0,0,0,Vaccine and exposure protected
Rc,96,3,1,2023,0,0,0,Vaccine and exposure protected
Rc,97,3,1,2023,0,0,0,Vaccine and exposure protected
Rc,98,3,1,2023,0,0,0,Vaccine and exposure protected
Rc,99,3,1,2023,0,0,0,Vaccine and exposure protected
Rc,100,3,1,2023,0,0,0,Vaccine and exposure protected
Rc,101,3,1,2023,0,0,0,Vaccine and exposure protected
